version 1.01
766
[-0.25405,-0.19982,0.7646][0.459,0.6884,0.5617][0.1369,0.0889,0][-0.252,-0.26622,0.5916][0.5848,0.4663,-0.6638][0.1369,0.0743,0][-0.489,-0.26302,0.5916][0.0707,0.582,-0.8101][0.3057,0.0743,0][-0.25405,-0.19982,0.7646][0.459,0.6884,0.5617][0.1369,0.0889,0][-0.489,-0.26302,0.5916][0.0707,0.582,-0.8101][0.3057,0.0743,0][-0.5553,-0.23982,0.6947][0.4011,0.7548,0.519][0.3057,0.0889,0][-0.252,-0.26622,0.5916][0.5848,0.4663,-0.6638][0.1369,0.0743,0][-0.24535,-0.37442,0.5916][0.599,-0.4729,-0.6462][0.1369,0.0598,0][-0.6349,-0.35732,0.5916][-0.3688,-0.6043,-0.7063][0.3057,0.0598,0][-0.252,-0.26622,0.5916][0.5848,0.4663,-0.6638][0.1369,0.0743,0][-0.6349,-0.35732,0.5916][-0.3688,-0.6043,-0.7063][0.3057,0.0598,0][-0.489,-0.26302,0.5916][0.0707,0.582,-0.8101][0.3057,0.0743,0][-0.24535,-0.37442,0.5916][0.599,-0.4729,-0.6462][0.1369,0.0598,0][-0.24335,-0.40787,0.6947][0.6068,-0.7564,0.2443][0.1369,0.0453,0][-0.6537,-0.38507,0.6947][-0.5589,-0.7793,0.2834][0.3057,0.0453,0][-0.24535,-0.37442,0.5916][0.599,-0.4729,-0.6462][0.1369,0.0598,0][-0.6537,-0.38507,0.6947][-0.5589,-0.7793,0.2834][0.3057,0.0453,0][-0.6349,-0.35732,0.5916][-0.3688,-0.6043,-0.7063][0.3057,0.0598,0][-0.24335,-0.40787,0.6947][0.6068,-0.7564,0.2443][0.1369,0.0453,0][-0.2487,-0.32032,0.75845][0.6144,-0.1969,0.764][0.1369,0.0308,0][-0.6045,-0.31242,0.75845][-0.1966,-0.1022,0.9751][0.3057,0.0308,0][-0.24335,-0.40787,0.6947][0.6068,-0.7564,0.2443][0.1369,0.0453,0][-0.6045,-0.31242,0.75845][-0.1966,-0.1022,0.9751][0.3057,0.0308,0][-0.6537,-0.38507,0.6947][-0.5589,-0.7793,0.2834][0.3057,0.0453,0][-0.2487,-0.32032,0.75845][0.6144,-0.1969,0.764][0.1369,0.0308,0][-0.25405,-0.19982,0.7646][0.4588,0.6884,0.5618][0.1369,0.0163,0][-0.5553,-0.23982,0.6947][0.401,0.7549,0.519][0.3057,0.0163,0][-0.2487,-0.32032,0.75845][0.6144,-0.1969,0.764][0.1369,0.0308,0][-0.5553,-0.23982,0.6947][0.401,0.7549,0.519][0.3057,0.0163,0][-0.6045,-0.31242,0.75845][-0.1966,-0.1022,0.9751][0.3057,0.0308,0][-0.252,-0.26622,0.5916][0.5848,0.4662,-0.6638][0.4177,0.1978,0][-0.25405,-0.19982,0.7646][0.4589,0.6884,0.5617][0.4067,0.1502,0][-0.2487,-0.32032,0.6662][0.9985,0.055,-0][0.4433,0.1662,0][-0.24535,-0.37442,0.5916][0.5989,-0.4728,-0.6463][0.4664,0.202,0][-0.252,-0.26622,0.5916][0.5848,0.4662,-0.6638][0.4177,0.1978,0][-0.2487,-0.32032,0.6662][0.9985,0.055,-0][0.4433,0.1662,0][-0.24335,-0.40787,0.6947][0.6067,-0.7565,0.2442][0.4855,0.157,0][-0.24535,-0.37442,0.5916][0.5989,-0.4728,-0.6463][0.4664,0.202,0][-0.2487,-0.32032,0.6662][0.9985,0.055,-0][0.4433,0.1662,0][-0.2487,-0.32032,0.75845][0.6144,-0.1969,0.764][0.4485,0.125,0][-0.24335,-0.40787,0.6947][0.6067,-0.7565,0.2442][0.4855,0.157,0][-0.2487,-0.32032,0.6662][0.9985,0.055,-0][0.4433,0.1662,0][-0.25405,-0.19982,0.7646][0.4589,0.6884,0.5617][0.4067,0.1502,0][-0.2487,-0.32032,0.75845][0.6144,-0.1969,0.764][0.4485,0.125,0][-0.2487,-0.32032,0.6662][0.9985,0.055,-0][0.4433,0.1662,0][-0.6349,-0.35732,0.5916][-0.3688,-0.6043,-0.7063][0.3057,0.0598,0][-0.6537,-0.38507,0.6947][-0.5589,-0.7793,0.2834][0.3057,0.0453,0][-0.74195,-0.19177,0.6765][-0.9218,-0.1733,0.3467][0.3703,0.0453,0][-0.6349,-0.35732,0.5916][-0.3688,-0.6043,-0.7063][0.3057,0.0598,0][-0.74195,-0.19177,0.6765][-0.9218,-0.1733,0.3467][0.3703,0.0453,0][-0.7085,-0.22537,0.579][-0.6321,-0.3081,-0.7111][0.3703,0.0598,0][-0.489,-0.26302,0.5916][0.0707,0.582,-0.8101][0.3057,0.0743,0][-0.6349,-0.35732,0.5916][-0.3688,-0.6043,-0.7063][0.3057,0.0598,0][-0.7085,-0.22537,0.579][-0.6321,-0.3081,-0.7111][0.3703,0.0598,0][-0.489,-0.26302,0.5916][0.0707,0.582,-0.8101][0.3057,0.0743,0][-0.7085,-0.22537,0.579][-0.6321,-0.3081,-0.7111][0.3703,0.0598,0][-0.60025,-0.21942,0.5768][0.409,-0.0157,-0.9124][0.3703,0.0743,0][-0.5553,-0.23982,0.6947][0.4011,0.7548,0.519][0.3057,0.0889,0][-0.489,-0.26302,0.5916][0.0707,0.582,-0.8101][0.3057,0.0743,0][-0.60025,-0.21942,0.5768][0.409,-0.0157,-0.9124][0.3703,0.0743,0][-0.5553,-0.23982,0.6947][0.4011,0.7548,0.519][0.3057,0.0889,0][-0.60025,-0.21942,0.5768][0.409,-0.0157,-0.9124][0.3703,0.0743,0][-0.5668,-0.18217,0.67295][0.9546,0.1578,0.2525][0.3703,0.0889,0][-0.6045,-0.31242,0.75845][-0.1966,-0.1022,0.9751][0.3057,0.0308,0][-0.5553,-0.23982,0.6947][0.401,0.7549,0.519][0.3057,0.0163,0][-0.5668,-0.18217,0.67295][0.9547,0.1578,0.2524][0.3703,0.0163,0][-0.6045,-0.31242,0.75845][-0.1966,-0.1022,0.9751][0.3057,0.0308,0][-0.5668,-0.18217,0.67295][0.9547,0.1578,0.2524][0.3703,0.0163,0][-0.65435,-0.16507,0.73455][-0.0394,0.1026,0.9939][0.3703,0.0308,0][-0.6537,-0.38507,0.6947][-0.5589,-0.7793,0.2834][0.3057,0.0453,0][-0.6045,-0.31242,0.75845][-0.1966,-0.1022,0.9751][0.3057,0.0308,0][-0.65435,-0.16507,0.73455][-0.0394,0.1026,0.9939][0.3703,0.0308,0][-0.6537,-0.38507,0.6947][-0.5589,-0.7793,0.2834][0.3057,0.0453,0][-0.65435,-0.16507,0.73455][-0.0394,0.1026,0.9939][0.3703,0.0308,0][-0.74195,-0.19177,0.6765][-0.9218,-0.1733,0.3467][0.3703,0.0453,0][-0.72805,0.26048,0.5116][-0.6059,-0.1965,-0.7709][0.5098,0.0598,0][-0.76155,0.26048,0.6147][-0.942,0.0628,0.3297][0.5098,0.0453,0][-0.76155,0.46683,0.54825][-0.9106,0.2591,0.3218][0.5584,0.0453,0][-0.72805,0.26048,0.5116][-0.6059,-0.1965,-0.7709][0.5098,0.0598,0][-0.76155,0.46683,0.54825][-0.9106,0.2591,0.3218][0.5584,0.0453,0][-0.72805,0.41803,0.45745][-0.6544,-0.4809,-0.5834][0.5584,0.0598,0][-0.61965,0.26048,0.5116][0.5997,-0.1736,-0.7812][0.5098,0.0743,0][-0.72805,0.26048,0.5116][-0.6059,-0.1965,-0.7709][0.5098,0.0598,0][-0.72805,0.41803,0.45745][-0.6544,-0.4809,-0.5834][0.5584,0.0598,0][-0.61965,0.26048,0.5116][0.5997,-0.1736,-0.7812][0.5098,0.0743,0][-0.72805,0.41803,0.45745][-0.6544,-0.4809,-0.5834][0.5584,0.0598,0][-0.61965,0.41803,0.45745][0.6519,-0.487,-0.5812][0.5584,0.0743,0][-0.58615,0.26048,0.6147][0.938,0.1025,0.3311][0.5098,0.0889,0][-0.61965,0.26048,0.5116][0.5997,-0.1736,-0.7812][0.5098,0.0743,0][-0.61965,0.41803,0.45745][0.6519,-0.487,-0.5812][0.5584,0.0743,0][-0.58615,0.26048,0.6147][0.938,0.1025,0.3311][0.5098,0.0889,0][-0.61965,0.41803,0.45745][0.6519,-0.487,-0.5812][0.5584,0.0743,0][-0.58615,0.46683,0.54825][0.9093,0.261,0.3242][0.5584,0.0889,0][-0.67385,0.26048,0.67845][-0.0079,0.2127,0.9771][0.5098,0.0308,0][-0.58615,0.26048,0.6147][0.938,0.1024,0.331][0.5098,0.0163,0][-0.58615,0.46683,0.54825][0.9093,0.2609,0.3242][0.5584,0.0163,0][-0.67385,0.26048,0.67845][-0.0079,0.2127,0.9771][0.5098,0.0308,0][-0.58615,0.46683,0.54825][0.9093,0.2609,0.3242][0.5584,0.0163,0][-0.67385,0.49703,0.6044][-0,0.5835,0.8121][0.5584,0.0308,0][-0.76155,0.26048,0.6147][-0.942,0.0628,0.3297][0.5098,0.0453,0][-0.67385,0.26048,0.67845][-0.0079,0.2127,0.9771][0.5098,0.0308,0][-0.67385,0.49703,0.6044][-0,0.5835,0.8121][0.5584,0.0308,0][-0.76155,0.26048,0.6147][-0.942,0.0628,0.3297][0.5098,0.0453,0][-0.67385,0.49703,0.6044][-0,0.5835,0.8121][0.5584,0.0308,0][-0.76155,0.46683,0.54825][-0.9106,0.2591,0.3218][0.5584,0.0453,0][-0.72805,0.51298,0.29845][-0.6465,-0.7411,-0.1813][0.6946,0.0598,0][-0.76155,0.61018,0.33295][-0.9187,0.3769,0.1178][0.6946,0.0453,0][-0.76155,0.61093,0.1982][-0.9518,0.3068,-0][0.7439,0.0453,0][-0.72805,0.51298,0.29845][-0.6465,-0.7411,-0.1813][0.6946,0.0598,0][-0.76155,0.61093,0.1982][-0.9518,0.3068,-0][0.7439,0.0453,0][-0.72805,0.50783,0.1985][-0.5833,-0.8119,0.0236][0.7439,0.0598,0][-0.61965,0.51298,0.29845][0.6464,-0.7411,-0.1813][0.6946,0.0743,0][-0.72805,0.51298,0.29845][-0.6465,-0.7411,-0.1813][0.6946,0.0598,0][-0.72805,0.50783,0.1985][-0.5833,-0.8119,0.0236][0.7439,0.0598,0][-0.61965,0.51298,0.29845][0.6464,-0.7411,-0.1813][0.6946,0.0743,0][-0.72805,0.50783,0.1985][-0.5833,-0.8119,0.0236][0.7439,0.0598,0][-0.61965,0.50783,0.1985][0.5834,-0.812,0.0158][0.7439,0.0743,0][-0.58615,0.61018,0.33295][0.9147,0.3864,0.1183][0.6946,0.0889,0][-0.61965,0.51298,0.29845][0.6464,-0.7411,-0.1813][0.6946,0.0743,0][-0.61965,0.50783,0.1985][0.5834,-0.812,0.0158][0.7439,0.0743,0][-0.58615,0.61018,0.33295][0.9147,0.3864,0.1183][0.6946,0.0889,0][-0.61965,0.50783,0.1985][0.5834,-0.812,0.0158][0.7439,0.0743,0][-0.58615,0.61093,0.1982][0.9494,0.3139,-0][0.7439,0.0889,0][-0.67385,0.67023,0.35425][0.0079,0.9518,0.3068][0.6946,0.0308,0][-0.58615,0.61018,0.33295][0.9147,0.3864,0.1183][0.6946,0.0163,0][-0.58615,0.61093,0.1982][0.9495,0.3138,-0][0.7439,0.0163,0][-0.67385,0.67023,0.35425][0.0079,0.9518,0.3068][0.6946,0.0308,0][-0.58615,0.61093,0.1982][0.9495,0.3138,-0][0.7439,0.0163,0][-0.67385,0.67463,0.198][-0,1,0.0079][0.7439,0.0308,0][-0.76155,0.61018,0.33295][-0.9187,0.3769,0.1178][0.6946,0.0453,0][-0.67385,0.67023,0.35425][0.0079,0.9518,0.3068][0.6946,0.0308,0][-0.67385,0.67463,0.198][-0,1,0.0079][0.7439,0.0308,0][-0.76155,0.61018,0.33295][-0.9187,0.3769,0.1178][0.6946,0.0453,0][-0.67385,0.67463,0.198][-0,1,0.0079][0.7439,0.0308,0][-0.76155,0.61093,0.1982][-0.9518,0.3068,-0][0.7439,0.0453,0][-0.74195,-0.19177,0.6765][-0.9218,-0.1733,0.3467][0.3703,0.0453,0][-0.65435,-0.16507,0.73455][-0.0394,0.1026,0.9939][0.3703,0.0308,0][-0.67385,0.26048,0.67845][-0.0079,0.2127,0.9771][0.5098,0.0308,0][-0.74195,-0.19177,0.6765][-0.9218,-0.1733,0.3467][0.3703,0.0453,0][-0.67385,0.26048,0.67845][-0.0079,0.2127,0.9771][0.5098,0.0308,0][-0.76155,0.26048,0.6147][-0.942,0.0628,0.3297][0.5098,0.0453,0][-0.7085,-0.22537,0.579][-0.6321,-0.3081,-0.7111][0.3703,0.0598,0][-0.74195,-0.19177,0.6765][-0.9218,-0.1733,0.3467][0.3703,0.0453,0][-0.76155,0.26048,0.6147][-0.942,0.0628,0.3297][0.5098,0.0453,0][-0.7085,-0.22537,0.579][-0.6321,-0.3081,-0.7111][0.3703,0.0598,0][-0.76155,0.26048,0.6147][-0.942,0.0628,0.3297][0.5098,0.0453,0][-0.72805,0.26048,0.5116][-0.6059,-0.1965,-0.7709][0.5098,0.0598,0][-0.60025,-0.21942,0.5768][0.409,-0.0157,-0.9124][0.3703,0.0743,0][-0.7085,-0.22537,0.579][-0.6321,-0.3081,-0.7111][0.3703,0.0598,0][-0.72805,0.26048,0.5116][-0.6059,-0.1965,-0.7709][0.5098,0.0598,0][-0.60025,-0.21942,0.5768][0.409,-0.0157,-0.9124][0.3703,0.0743,0][-0.72805,0.26048,0.5116][-0.6059,-0.1965,-0.7709][0.5098,0.0598,0][-0.61965,0.26048,0.5116][0.5997,-0.1736,-0.7812][0.5098,0.0743,0][-0.5668,-0.18217,0.67295][0.9546,0.1578,0.2525][0.3703,0.0889,0][-0.60025,-0.21942,0.5768][0.409,-0.0157,-0.9124][0.3703,0.0743,0][-0.61965,0.26048,0.5116][0.5997,-0.1736,-0.7812][0.5098,0.0743,0][-0.5668,-0.18217,0.67295][0.9546,0.1578,0.2525][0.3703,0.0889,0][-0.61965,0.26048,0.5116][0.5997,-0.1736,-0.7812][0.5098,0.0743,0][-0.58615,0.26048,0.6147][0.938,0.1025,0.3311][0.5098,0.0889,0][-0.65435,-0.16507,0.73455][-0.0394,0.1026,0.9939][0.3703,0.0308,0][-0.5668,-0.18217,0.67295][0.9547,0.1578,0.2524][0.3703,0.0163,0][-0.58615,0.26048,0.6147][0.938,0.1024,0.331][0.5098,0.0163,0][-0.65435,-0.16507,0.73455][-0.0394,0.1026,0.9939][0.3703,0.0308,0][-0.58615,0.26048,0.6147][0.938,0.1024,0.331][0.5098,0.0163,0][-0.67385,0.26048,0.67845][-0.0079,0.2127,0.9771][0.5098,0.0308,0][-0.76155,0.46683,0.54825][-0.9106,0.2591,0.3218][0.5584,0.0453,0][-0.67385,0.49703,0.6044][-0,0.5835,0.8121][0.5584,0.0308,0][-0.67385,0.67023,0.35425][0.0079,0.9518,0.3068][0.6946,0.0308,0][-0.76155,0.46683,0.54825][-0.9106,0.2591,0.3218][0.5584,0.0453,0][-0.67385,0.67023,0.35425][0.0079,0.9518,0.3068][0.6946,0.0308,0][-0.76155,0.61018,0.33295][-0.9187,0.3769,0.1178][0.6946,0.0453,0][-0.72805,0.41803,0.45745][-0.6544,-0.4809,-0.5834][0.5584,0.0598,0][-0.76155,0.46683,0.54825][-0.9106,0.2591,0.3218][0.5584,0.0453,0][-0.76155,0.61018,0.33295][-0.9187,0.3769,0.1178][0.6946,0.0453,0][-0.72805,0.41803,0.45745][-0.6544,-0.4809,-0.5834][0.5584,0.0598,0][-0.76155,0.61018,0.33295][-0.9187,0.3769,0.1178][0.6946,0.0453,0][-0.72805,0.51298,0.29845][-0.6465,-0.7411,-0.1813][0.6946,0.0598,0][-0.61965,0.41803,0.45745][0.6519,-0.487,-0.5812][0.5584,0.0743,0][-0.72805,0.41803,0.45745][-0.6544,-0.4809,-0.5834][0.5584,0.0598,0][-0.72805,0.51298,0.29845][-0.6465,-0.7411,-0.1813][0.6946,0.0598,0][-0.61965,0.41803,0.45745][0.6519,-0.487,-0.5812][0.5584,0.0743,0][-0.72805,0.51298,0.29845][-0.6465,-0.7411,-0.1813][0.6946,0.0598,0][-0.61965,0.51298,0.29845][0.6464,-0.7411,-0.1813][0.6946,0.0743,0][-0.58615,0.46683,0.54825][0.9093,0.261,0.3242][0.5584,0.0889,0][-0.61965,0.41803,0.45745][0.6519,-0.487,-0.5812][0.5584,0.0743,0][-0.61965,0.51298,0.29845][0.6464,-0.7411,-0.1813][0.6946,0.0743,0][-0.58615,0.46683,0.54825][0.9093,0.261,0.3242][0.5584,0.0889,0][-0.61965,0.51298,0.29845][0.6464,-0.7411,-0.1813][0.6946,0.0743,0][-0.58615,0.61018,0.33295][0.9147,0.3864,0.1183][0.6946,0.0889,0][-0.67385,0.49703,0.6044][-0,0.5835,0.8121][0.5584,0.0308,0][-0.58615,0.46683,0.54825][0.9093,0.2609,0.3242][0.5584,0.0163,0][-0.58615,0.61018,0.33295][0.9147,0.3864,0.1183][0.6946,0.0163,0][-0.67385,0.49703,0.6044][-0,0.5835,0.8121][0.5584,0.0308,0][-0.58615,0.61018,0.33295][0.9147,0.3864,0.1183][0.6946,0.0163,0][-0.67385,0.67023,0.35425][0.0079,0.9518,0.3068][0.6946,0.0308,0][-0.76155,0.61093,0.1982][-0.9518,0.3068,-0][0.7439,0.0453,0][-0.67385,0.67463,0.198][-0,1,0.0079][0.7439,0.0308,0][-0.67385,0.67373,-0.00025][-0,1,-0][0.8377,0.0308,0][-0.76155,0.61093,0.1982][-0.9518,0.3068,-0][0.7439,0.0453,0][-0.67385,0.67373,-0.00025][-0,1,-0][0.8377,0.0308,0][-0.76155,0.61003,-0.00025][-0.9518,0.3068,-0][0.8377,0.0453,0][-0.72805,0.50783,0.1985][-0.5833,-0.8119,0.0236][0.7439,0.0598,0][-0.76155,0.61093,0.1982][-0.9518,0.3068,-0][0.7439,0.0453,0][-0.76155,0.61003,-0.00025][-0.9518,0.3068,-0][0.8377,0.0453,0][-0.72805,0.50783,0.1985][-0.5833,-0.8119,0.0236][0.7439,0.0598,0][-0.76155,0.61003,-0.00025][-0.9518,0.3068,-0][0.8377,0.0453,0][-0.72805,0.50693,-0.00025][-0.5887,-0.8084,-0][0.8377,0.0598,0][-0.61965,0.50783,0.1985][0.5834,-0.812,0.0158][0.7439,0.0743,0][-0.72805,0.50783,0.1985][-0.5833,-0.8119,0.0236][0.7439,0.0598,0][-0.72805,0.50693,-0.00025][-0.5887,-0.8084,-0][0.8377,0.0598,0][-0.61965,0.50783,0.1985][0.5834,-0.812,0.0158][0.7439,0.0743,0][-0.72805,0.50693,-0.00025][-0.5887,-0.8084,-0][0.8377,0.0598,0][-0.61965,0.50693,-0.00025][0.5886,-0.8084,-0][0.8377,0.0743,0][-0.58615,0.61093,0.1982][0.9494,0.3139,-0][0.7439,0.0889,0][-0.61965,0.50783,0.1985][0.5834,-0.812,0.0158][0.7439,0.0743,0][-0.61965,0.50693,-0.00025][0.5886,-0.8084,-0][0.8377,0.0743,0][-0.58615,0.61093,0.1982][0.9494,0.3139,-0][0.7439,0.0889,0][-0.61965,0.50693,-0.00025][0.5886,-0.8084,-0][0.8377,0.0743,0][-0.58615,0.61003,-0.00025][0.9518,0.3068,-0][0.8377,0.0889,0][-0.67385,0.67463,0.198][-0,1,0.0079][0.7439,0.0308,0][-0.58615,0.61093,0.1982][0.9495,0.3138,-0][0.7439,0.0163,0][-0.58615,0.61003,-0.00025][0.9518,0.3068,-0][0.8377,0.0163,0][-0.67385,0.67463,0.198][-0,1,0.0079][0.7439,0.0308,0][-0.58615,0.61003,-0.00025][0.9518,0.3068,-0][0.8377,0.0163,0][-0.67385,0.67373,-0.00025][-0,1,-0][0.8377,0.0308,0][-0.25405,-0.19982,-0.7651][0.4589,0.6884,-0.5618][0.1369,0.0889,0][-0.5553,-0.23982,-0.6952][0.401,0.7549,-0.519][0.3057,0.0889,0][-0.489,-0.26302,-0.5921][0.063,0.5823,0.8105][0.3057,0.0743,0][-0.25405,-0.19982,-0.7651][0.4589,0.6884,-0.5618][0.1369,0.0889,0][-0.489,-0.26302,-0.5921][0.063,0.5823,0.8105][0.3057,0.0743,0][-0.252,-0.26622,-0.5921][0.5848,0.4662,0.6638][0.1369,0.0743,0][-0.252,-0.26622,-0.5921][0.5848,0.4662,0.6638][0.1369,0.0743,0][-0.489,-0.26302,-0.5921][0.063,0.5823,0.8105][0.3057,0.0743,0][-0.6349,-0.35732,-0.5921][-0.3688,-0.6043,0.7063][0.3057,0.0598,0][-0.252,-0.26622,-0.5921][0.5848,0.4662,0.6638][0.1369,0.0743,0][-0.6349,-0.35732,-0.5921][-0.3688,-0.6043,0.7063][0.3057,0.0598,0][-0.24535,-0.37442,-0.5921][0.599,-0.4729,0.6462][0.1369,0.0598,0][-0.24535,-0.37442,-0.5921][0.599,-0.4729,0.6462][0.1369,0.0598,0][-0.6349,-0.35732,-0.5921][-0.3688,-0.6043,0.7063][0.3057,0.0598,0][-0.6537,-0.38507,-0.6952][-0.5589,-0.7793,-0.2834][0.3057,0.0453,0][-0.24535,-0.37442,-0.5921][0.599,-0.4729,0.6462][0.1369,0.0598,0][-0.6537,-0.38507,-0.6952][-0.5589,-0.7793,-0.2834][0.3057,0.0453,0][-0.24335,-0.40787,-0.6952][0.6068,-0.7564,-0.2442][0.1369,0.0453,0][-0.24335,-0.40787,-0.6952][0.6068,-0.7564,-0.2442][0.1369,0.0453,0][-0.6537,-0.38507,-0.6952][-0.5589,-0.7793,-0.2834][0.3057,0.0453,0][-0.6045,-0.31242,-0.75895][-0.1966,-0.1022,-0.9751][0.3057,0.0308,0][-0.24335,-0.40787,-0.6952][0.6068,-0.7564,-0.2442][0.1369,0.0453,0][-0.6045,-0.31242,-0.75895][-0.1966,-0.1022,-0.9751][0.3057,0.0308,0][-0.2487,-0.32032,-0.75895][0.6144,-0.197,-0.764][0.1369,0.0308,0][-0.2487,-0.32032,-0.75895][0.6144,-0.197,-0.764][0.1369,0.0308,0][-0.6045,-0.31242,-0.75895][-0.1966,-0.1022,-0.9751][0.3057,0.0308,0][-0.5553,-0.23982,-0.6952][0.401,0.7549,-0.519][0.3057,0.0163,0][-0.2487,-0.32032,-0.75895][0.6144,-0.197,-0.764][0.1369,0.0308,0][-0.5553,-0.23982,-0.6952][0.401,0.7549,-0.519][0.3057,0.0163,0][-0.25405,-0.19982,-0.7651][0.459,0.6883,-0.5618][0.1369,0.0163,0][-0.252,-0.26622,-0.5921][0.5848,0.4663,0.6638][0.4177,0.1978,0][-0.2487,-0.32032,-0.6667][0.9985,0.055,-0][0.4433,0.1662,0][-0.25405,-0.19982,-0.7651][0.4589,0.6883,-0.5618][0.4067,0.1502,0][-0.24535,-0.37442,-0.5921][0.5989,-0.4729,0.6463][0.4664,0.202,0][-0.2487,-0.32032,-0.6667][0.9985,0.055,-0][0.4433,0.1662,0][-0.252,-0.26622,-0.5921][0.5848,0.4663,0.6638][0.4177,0.1978,0][-0.24335,-0.40787,-0.6952][0.6067,-0.7564,-0.2442][0.4855,0.157,0][-0.2487,-0.32032,-0.6667][0.9985,0.055,-0][0.4433,0.1662,0][-0.24535,-0.37442,-0.5921][0.5989,-0.4729,0.6463][0.4664,0.202,0][-0.2487,-0.32032,-0.75895][0.6144,-0.1969,-0.764][0.4485,0.125,0][-0.2487,-0.32032,-0.6667][0.9985,0.055,-0][0.4433,0.1662,0][-0.24335,-0.40787,-0.6952][0.6067,-0.7564,-0.2442][0.4855,0.157,0][-0.25405,-0.19982,-0.7651][0.4589,0.6883,-0.5618][0.4067,0.1502,0][-0.2487,-0.32032,-0.6667][0.9985,0.055,-0][0.4433,0.1662,0][-0.2487,-0.32032,-0.75895][0.6144,-0.1969,-0.764][0.4485,0.125,0][-0.6349,-0.35732,-0.5921][-0.3688,-0.6043,0.7063][0.3057,0.0598,0][-0.7085,-0.22537,-0.57945][-0.632,-0.3081,0.711][0.3703,0.0598,0][-0.74195,-0.19177,-0.677][-0.9218,-0.1734,-0.3467][0.3703,0.0453,0][-0.6349,-0.35732,-0.5921][-0.3688,-0.6043,0.7063][0.3057,0.0598,0][-0.74195,-0.19177,-0.677][-0.9218,-0.1734,-0.3467][0.3703,0.0453,0][-0.6537,-0.38507,-0.6952][-0.5589,-0.7793,-0.2834][0.3057,0.0453,0][-0.489,-0.26302,-0.5921][0.063,0.5823,0.8105][0.3057,0.0743,0][-0.60025,-0.21942,-0.5773][0.409,-0.0157,0.9124][0.3703,0.0743,0][-0.7085,-0.22537,-0.57945][-0.632,-0.3081,0.711][0.3703,0.0598,0][-0.489,-0.26302,-0.5921][0.063,0.5823,0.8105][0.3057,0.0743,0][-0.7085,-0.22537,-0.57945][-0.632,-0.3081,0.711][0.3703,0.0598,0][-0.6349,-0.35732,-0.5921][-0.3688,-0.6043,0.7063][0.3057,0.0598,0][-0.5553,-0.23982,-0.6952][0.401,0.7549,-0.519][0.3057,0.0889,0][-0.5668,-0.18217,-0.67345][0.9546,0.1578,-0.2525][0.3703,0.0889,0][-0.60025,-0.21942,-0.5773][0.409,-0.0157,0.9124][0.3703,0.0743,0][-0.5553,-0.23982,-0.6952][0.401,0.7549,-0.519][0.3057,0.0889,0][-0.60025,-0.21942,-0.5773][0.409,-0.0157,0.9124][0.3703,0.0743,0][-0.489,-0.26302,-0.5921][0.063,0.5823,0.8105][0.3057,0.0743,0][-0.6045,-0.31242,-0.75895][-0.1966,-0.1022,-0.9751][0.3057,0.0308,0][-0.65435,-0.16507,-0.73505][-0.0394,0.1026,-0.9939][0.3703,0.0308,0][-0.5668,-0.18217,-0.67345][0.9547,0.1578,-0.2524][0.3703,0.0163,0][-0.6045,-0.31242,-0.75895][-0.1966,-0.1022,-0.9751][0.3057,0.0308,0][-0.5668,-0.18217,-0.67345][0.9547,0.1578,-0.2524][0.3703,0.0163,0][-0.5553,-0.23982,-0.6952][0.401,0.7549,-0.519][0.3057,0.0163,0][-0.6537,-0.38507,-0.6952][-0.5589,-0.7793,-0.2834][0.3057,0.0453,0][-0.74195,-0.19177,-0.677][-0.9218,-0.1734,-0.3467][0.3703,0.0453,0][-0.65435,-0.16507,-0.73505][-0.0394,0.1026,-0.9939][0.3703,0.0308,0][-0.6537,-0.38507,-0.6952][-0.5589,-0.7793,-0.2834][0.3057,0.0453,0][-0.65435,-0.16507,-0.73505][-0.0394,0.1026,-0.9939][0.3703,0.0308,0][-0.6045,-0.31242,-0.75895][-0.1966,-0.1022,-0.9751][0.3057,0.0308,0][-0.72805,0.26048,-0.5121][-0.6058,-0.1966,0.7709][0.5098,0.0598,0][-0.72805,0.41803,-0.45795][-0.6544,-0.4809,0.5834][0.5584,0.0598,0][-0.76155,0.46683,-0.54875][-0.9106,0.2591,-0.3219][0.5584,0.0453,0][-0.72805,0.26048,-0.5121][-0.6058,-0.1966,0.7709][0.5098,0.0598,0][-0.76155,0.46683,-0.54875][-0.9106,0.2591,-0.3219][0.5584,0.0453,0][-0.76155,0.26048,-0.6152][-0.942,0.0628,-0.3297][0.5098,0.0453,0][-0.61965,0.26048,-0.5121][0.5997,-0.1736,0.7812][0.5098,0.0743,0][-0.61965,0.41803,-0.45795][0.652,-0.487,0.5812][0.5584,0.0743,0][-0.72805,0.41803,-0.45795][-0.6544,-0.4809,0.5834][0.5584,0.0598,0][-0.61965,0.26048,-0.5121][0.5997,-0.1736,0.7812][0.5098,0.0743,0][-0.72805,0.41803,-0.45795][-0.6544,-0.4809,0.5834][0.5584,0.0598,0][-0.72805,0.26048,-0.5121][-0.6058,-0.1966,0.7709][0.5098,0.0598,0][-0.58615,0.26048,-0.6152][0.938,0.1025,-0.3311][0.5098,0.0889,0][-0.58615,0.46683,-0.54875][0.9093,0.2609,-0.3242][0.5584,0.0889,0][-0.61965,0.41803,-0.45795][0.652,-0.487,0.5812][0.5584,0.0743,0][-0.58615,0.26048,-0.6152][0.938,0.1025,-0.3311][0.5098,0.0889,0][-0.61965,0.41803,-0.45795][0.652,-0.487,0.5812][0.5584,0.0743,0][-0.61965,0.26048,-0.5121][0.5997,-0.1736,0.7812][0.5098,0.0743,0][-0.67385,0.26048,-0.67895][-0.0079,0.2126,-0.9771][0.5098,0.0308,0][-0.67385,0.49703,-0.6049][-0,0.5835,-0.8121][0.5584,0.0308,0][-0.58615,0.46683,-0.54875][0.9093,0.2609,-0.3242][0.5584,0.0163,0][-0.67385,0.26048,-0.67895][-0.0079,0.2126,-0.9771][0.5098,0.0308,0][-0.58615,0.46683,-0.54875][0.9093,0.2609,-0.3242][0.5584,0.0163,0][-0.58615,0.26048,-0.6152][0.938,0.1025,-0.331][0.5098,0.0163,0][-0.76155,0.26048,-0.6152][-0.942,0.0628,-0.3297][0.5098,0.0453,0][-0.76155,0.46683,-0.54875][-0.9106,0.2591,-0.3219][0.5584,0.0453,0][-0.67385,0.49703,-0.6049][-0,0.5835,-0.8121][0.5584,0.0308,0][-0.76155,0.26048,-0.6152][-0.942,0.0628,-0.3297][0.5098,0.0453,0][-0.67385,0.49703,-0.6049][-0,0.5835,-0.8121][0.5584,0.0308,0][-0.67385,0.26048,-0.67895][-0.0079,0.2126,-0.9771][0.5098,0.0308,0][-0.72805,0.51298,-0.29895][-0.6465,-0.7411,0.1814][0.6946,0.0598,0][-0.72805,0.50783,-0.199][-0.5833,-0.8119,-0.0236][0.7439,0.0598,0][-0.76155,0.61093,-0.19865][-0.9518,0.3068,-0][0.7439,0.0453,0][-0.72805,0.51298,-0.29895][-0.6465,-0.7411,0.1814][0.6946,0.0598,0][-0.76155,0.61093,-0.19865][-0.9518,0.3068,-0][0.7439,0.0453,0][-0.76155,0.61018,-0.33345][-0.9187,0.3769,-0.1178][0.6946,0.0453,0][-0.61965,0.51298,-0.29895][0.6465,-0.7411,0.1813][0.6946,0.0743,0][-0.61965,0.50783,-0.199][0.5834,-0.812,-0.0158][0.7439,0.0743,0][-0.72805,0.50783,-0.199][-0.5833,-0.8119,-0.0236][0.7439,0.0598,0][-0.61965,0.51298,-0.29895][0.6465,-0.7411,0.1813][0.6946,0.0743,0][-0.72805,0.50783,-0.199][-0.5833,-0.8119,-0.0236][0.7439,0.0598,0][-0.72805,0.51298,-0.29895][-0.6465,-0.7411,0.1814][0.6946,0.0598,0][-0.58615,0.61018,-0.33345][0.9147,0.3864,-0.1183][0.6946,0.0889,0][-0.58615,0.61093,-0.19865][0.9494,0.3139,-0.0078][0.7439,0.0889,0][-0.61965,0.50783,-0.199][0.5834,-0.812,-0.0158][0.7439,0.0743,0][-0.58615,0.61018,-0.33345][0.9147,0.3864,-0.1183][0.6946,0.0889,0][-0.61965,0.50783,-0.199][0.5834,-0.812,-0.0158][0.7439,0.0743,0][-0.61965,0.51298,-0.29895][0.6465,-0.7411,0.1813][0.6946,0.0743,0][-0.67385,0.67023,-0.35475][0.0078,0.9517,-0.3068][0.6946,0.0308,0][-0.67385,0.67463,-0.1985][-0,1,-0.0079][0.7439,0.0308,0][-0.58615,0.61093,-0.19865][0.9494,0.3138,-0.0078][0.7439,0.0163,0][-0.67385,0.67023,-0.35475][0.0078,0.9517,-0.3068][0.6946,0.0308,0][-0.58615,0.61093,-0.19865][0.9494,0.3138,-0.0078][0.7439,0.0163,0][-0.58615,0.61018,-0.33345][0.9147,0.3864,-0.1183][0.6946,0.0163,0][-0.76155,0.61018,-0.33345][-0.9187,0.3769,-0.1178][0.6946,0.0453,0][-0.76155,0.61093,-0.19865][-0.9518,0.3068,-0][0.7439,0.0453,0][-0.67385,0.67463,-0.1985][-0,1,-0.0079][0.7439,0.0308,0][-0.76155,0.61018,-0.33345][-0.9187,0.3769,-0.1178][0.6946,0.0453,0][-0.67385,0.67463,-0.1985][-0,1,-0.0079][0.7439,0.0308,0][-0.67385,0.67023,-0.35475][0.0078,0.9517,-0.3068][0.6946,0.0308,0][-0.74195,-0.19177,-0.677][-0.9218,-0.1734,-0.3467][0.3703,0.0453,0][-0.76155,0.26048,-0.6152][-0.942,0.0628,-0.3297][0.5098,0.0453,0][-0.67385,0.26048,-0.67895][-0.0079,0.2126,-0.9771][0.5098,0.0308,0][-0.74195,-0.19177,-0.677][-0.9218,-0.1734,-0.3467][0.3703,0.0453,0][-0.67385,0.26048,-0.67895][-0.0079,0.2126,-0.9771][0.5098,0.0308,0][-0.65435,-0.16507,-0.73505][-0.0394,0.1026,-0.9939][0.3703,0.0308,0][-0.7085,-0.22537,-0.57945][-0.632,-0.3081,0.711][0.3703,0.0598,0][-0.72805,0.26048,-0.5121][-0.6058,-0.1966,0.7709][0.5098,0.0598,0][-0.76155,0.26048,-0.6152][-0.942,0.0628,-0.3297][0.5098,0.0453,0][-0.7085,-0.22537,-0.57945][-0.632,-0.3081,0.711][0.3703,0.0598,0][-0.76155,0.26048,-0.6152][-0.942,0.0628,-0.3297][0.5098,0.0453,0][-0.74195,-0.19177,-0.677][-0.9218,-0.1734,-0.3467][0.3703,0.0453,0][-0.60025,-0.21942,-0.5773][0.409,-0.0157,0.9124][0.3703,0.0743,0][-0.61965,0.26048,-0.5121][0.5997,-0.1736,0.7812][0.5098,0.0743,0][-0.72805,0.26048,-0.5121][-0.6058,-0.1966,0.7709][0.5098,0.0598,0][-0.60025,-0.21942,-0.5773][0.409,-0.0157,0.9124][0.3703,0.0743,0][-0.72805,0.26048,-0.5121][-0.6058,-0.1966,0.7709][0.5098,0.0598,0][-0.7085,-0.22537,-0.57945][-0.632,-0.3081,0.711][0.3703,0.0598,0][-0.5668,-0.18217,-0.67345][0.9546,0.1578,-0.2525][0.3703,0.0889,0][-0.58615,0.26048,-0.6152][0.938,0.1025,-0.3311][0.5098,0.0889,0][-0.61965,0.26048,-0.5121][0.5997,-0.1736,0.7812][0.5098,0.0743,0][-0.5668,-0.18217,-0.67345][0.9546,0.1578,-0.2525][0.3703,0.0889,0][-0.61965,0.26048,-0.5121][0.5997,-0.1736,0.7812][0.5098,0.0743,0][-0.60025,-0.21942,-0.5773][0.409,-0.0157,0.9124][0.3703,0.0743,0][-0.65435,-0.16507,-0.73505][-0.0394,0.1026,-0.9939][0.3703,0.0308,0][-0.67385,0.26048,-0.67895][-0.0079,0.2126,-0.9771][0.5098,0.0308,0][-0.58615,0.26048,-0.6152][0.938,0.1025,-0.331][0.5098,0.0163,0][-0.65435,-0.16507,-0.73505][-0.0394,0.1026,-0.9939][0.3703,0.0308,0][-0.58615,0.26048,-0.6152][0.938,0.1025,-0.331][0.5098,0.0163,0][-0.5668,-0.18217,-0.67345][0.9547,0.1578,-0.2524][0.3703,0.0163,0][-0.76155,0.46683,-0.54875][-0.9106,0.2591,-0.3219][0.5584,0.0453,0][-0.76155,0.61018,-0.33345][-0.9187,0.3769,-0.1178][0.6946,0.0453,0][-0.67385,0.67023,-0.35475][0.0078,0.9517,-0.3068][0.6946,0.0308,0][-0.76155,0.46683,-0.54875][-0.9106,0.2591,-0.3219][0.5584,0.0453,0][-0.67385,0.67023,-0.35475][0.0078,0.9517,-0.3068][0.6946,0.0308,0][-0.67385,0.49703,-0.6049][-0,0.5835,-0.8121][0.5584,0.0308,0][-0.72805,0.41803,-0.45795][-0.6544,-0.4809,0.5834][0.5584,0.0598,0][-0.72805,0.51298,-0.29895][-0.6465,-0.7411,0.1814][0.6946,0.0598,0][-0.76155,0.61018,-0.33345][-0.9187,0.3769,-0.1178][0.6946,0.0453,0][-0.72805,0.41803,-0.45795][-0.6544,-0.4809,0.5834][0.5584,0.0598,0][-0.76155,0.61018,-0.33345][-0.9187,0.3769,-0.1178][0.6946,0.0453,0][-0.76155,0.46683,-0.54875][-0.9106,0.2591,-0.3219][0.5584,0.0453,0][-0.61965,0.41803,-0.45795][0.652,-0.487,0.5812][0.5584,0.0743,0][-0.61965,0.51298,-0.29895][0.6465,-0.7411,0.1813][0.6946,0.0743,0][-0.72805,0.51298,-0.29895][-0.6465,-0.7411,0.1814][0.6946,0.0598,0][-0.61965,0.41803,-0.45795][0.652,-0.487,0.5812][0.5584,0.0743,0][-0.72805,0.51298,-0.29895][-0.6465,-0.7411,0.1814][0.6946,0.0598,0][-0.72805,0.41803,-0.45795][-0.6544,-0.4809,0.5834][0.5584,0.0598,0][-0.58615,0.46683,-0.54875][0.9093,0.2609,-0.3242][0.5584,0.0889,0][-0.58615,0.61018,-0.33345][0.9147,0.3864,-0.1183][0.6946,0.0889,0][-0.61965,0.51298,-0.29895][0.6465,-0.7411,0.1813][0.6946,0.0743,0][-0.58615,0.46683,-0.54875][0.9093,0.2609,-0.3242][0.5584,0.0889,0][-0.61965,0.51298,-0.29895][0.6465,-0.7411,0.1813][0.6946,0.0743,0][-0.61965,0.41803,-0.45795][0.652,-0.487,0.5812][0.5584,0.0743,0][-0.67385,0.49703,-0.6049][-0,0.5835,-0.8121][0.5584,0.0308,0][-0.67385,0.67023,-0.35475][0.0078,0.9517,-0.3068][0.6946,0.0308,0][-0.58615,0.61018,-0.33345][0.9147,0.3864,-0.1183][0.6946,0.0163,0][-0.67385,0.49703,-0.6049][-0,0.5835,-0.8121][0.5584,0.0308,0][-0.58615,0.61018,-0.33345][0.9147,0.3864,-0.1183][0.6946,0.0163,0][-0.58615,0.46683,-0.54875][0.9093,0.2609,-0.3242][0.5584,0.0163,0][-0.76155,0.61093,-0.19865][-0.9518,0.3068,-0][0.7439,0.0453,0][-0.76155,0.61003,-0.00025][-0.9518,0.3068,-0][0.8377,0.0453,0][-0.67385,0.67373,-0.00025][-0,1,-0][0.8377,0.0308,0][-0.76155,0.61093,-0.19865][-0.9518,0.3068,-0][0.7439,0.0453,0][-0.67385,0.67373,-0.00025][-0,1,-0][0.8377,0.0308,0][-0.67385,0.67463,-0.1985][-0,1,-0.0079][0.7439,0.0308,0][-0.72805,0.50783,-0.199][-0.5833,-0.8119,-0.0236][0.7439,0.0598,0][-0.72805,0.50693,-0.00025][-0.5887,-0.8084,-0][0.8377,0.0598,0][-0.76155,0.61003,-0.00025][-0.9518,0.3068,-0][0.8377,0.0453,0][-0.72805,0.50783,-0.199][-0.5833,-0.8119,-0.0236][0.7439,0.0598,0][-0.76155,0.61003,-0.00025][-0.9518,0.3068,-0][0.8377,0.0453,0][-0.76155,0.61093,-0.19865][-0.9518,0.3068,-0][0.7439,0.0453,0][-0.61965,0.50783,-0.199][0.5834,-0.812,-0.0158][0.7439,0.0743,0][-0.61965,0.50693,-0.00025][0.5886,-0.8084,-0][0.8377,0.0743,0][-0.72805,0.50693,-0.00025][-0.5887,-0.8084,-0][0.8377,0.0598,0][-0.61965,0.50783,-0.199][0.5834,-0.812,-0.0158][0.7439,0.0743,0][-0.72805,0.50693,-0.00025][-0.5887,-0.8084,-0][0.8377,0.0598,0][-0.72805,0.50783,-0.199][-0.5833,-0.8119,-0.0236][0.7439,0.0598,0][-0.58615,0.61093,-0.19865][0.9494,0.3139,-0.0078][0.7439,0.0889,0][-0.58615,0.61003,-0.00025][0.9518,0.3068,-0][0.8377,0.0889,0][-0.61965,0.50693,-0.00025][0.5886,-0.8084,-0][0.8377,0.0743,0][-0.58615,0.61093,-0.19865][0.9494,0.3139,-0.0078][0.7439,0.0889,0][-0.61965,0.50693,-0.00025][0.5886,-0.8084,-0][0.8377,0.0743,0][-0.61965,0.50783,-0.199][0.5834,-0.812,-0.0158][0.7439,0.0743,0][-0.67385,0.67463,-0.1985][-0,1,-0.0079][0.7439,0.0308,0][-0.67385,0.67373,-0.00025][-0,1,-0][0.8377,0.0308,0][-0.58615,0.61003,-0.00025][0.9518,0.3068,-0][0.8377,0.0163,0][-0.67385,0.67463,-0.1985][-0,1,-0.0079][0.7439,0.0308,0][-0.58615,0.61003,-0.00025][0.9518,0.3068,-0][0.8377,0.0163,0][-0.58615,0.61093,-0.19865][0.9494,0.3138,-0.0078][0.7439,0.0163,0][-0.82868,0.04403,0][-1,0.0079,-0][0.8588,0.5871,0][-0.82763,0.04353,0.15115][-0.9992,0.0079,0.0393][0.8877,0.587,0][-0.824585,0.31438,0.1605][-0.8989,0.4336,0.0631][0.8881,0.641063,0][-0.82868,0.04403,0][-1,0.0079,-0][0.8588,0.5871,0][-0.824585,0.31438,0.1605][-0.8989,0.4336,0.0631][0.8881,0.641063,0][-0.826435,0.31918,0][-0.9082,0.4185,-0][0.8588,0.641015,0][-0.3514,0.43068,-0][0.2203,-0.9754,-0][0.1911,0.2242,0][-0.34495,0.41673,0.33525][0.4417,-0.7809,-0.4417][0.2257,0.2208,0][-0.44415,0.38968,0.2492][0.6073,-0.7256,-0.3234][0.2173,0.2314,0][-0.3514,0.43068,-0][0.2203,-0.9754,-0][0.1911,0.2242,0][-0.44415,0.38968,0.2492][0.6073,-0.7256,-0.3234][0.2173,0.2314,0][-0.45935,0.38968,-0][0.425,-0.9052,-0][0.1915,0.2354,0][-0.5888,0.10963,0.39405][-0.4723,-0,0.8815][0.0168,0.8765,0][-0.4391,0.11348,0.57365][-0.7675,0.261,0.5855][0.0979,0.8773,0][-0.4391,0.42588,0.57365][-0.4805,0.3859,0.7876][0.0979,0.9833,0][-0.5888,0.10963,0.39405][-0.4723,-0,0.8815][0.0168,0.8765,0][-0.4391,0.42588,0.57365][-0.4805,0.3859,0.7876][0.0979,0.9833,0][-0.5888,0.42143,0.39405][-0.6222,0.4646,0.6301][0.0168,0.9833,0][0.2499,0.42933,-0][-0.1104,-0.9939,-0][0.1889,0.165,0][0.27925,0.42933,0.3486][-0.3544,-0.7876,-0.5041][0.2246,0.1628,0][0.1544,0.43348,0.40725][-0.1891,-0.7721,-0.6067][0.231,0.1736,0][0.2499,0.42933,-0][-0.1104,-0.9939,-0][0.1889,0.165,0][0.1544,0.43348,0.40725][-0.1891,-0.7721,-0.6067][0.231,0.1736,0][0.12125,0.43318,-0][-0.0236,-0.9997,-0][0.1893,0.1778,0][0.16775,0.42588,0.6198][0.3062,0.4004,0.8637][0.2739,0.9833,0][0.16775,0.11348,0.6198][0.6054,0.2751,0.7469][0.2739,0.8747,0][0.36175,0.11348,0.5157][0.615,0.0158,0.7884][0.3468,0.88,0][0.16775,0.42588,0.6198][0.3062,0.4004,0.8637][0.2739,0.9833,0][0.36175,0.11348,0.5157][0.615,0.0158,0.7884][0.3468,0.88,0][0.36175,0.42588,0.5157][0.5668,0.3621,0.74][0.3468,0.9833,0][-0.0401,0.43523,-0][-0.0157,-0.9999,-0][0.1899,0.1936,0][-0.01125,0.43663,0.43085][-0.0472,-0.7944,-0.6056][0.2345,0.1887,0][-0.2243,0.43983,0.40295][0.2357,-0.8013,-0.5499][0.2319,0.209,0][-0.0401,0.43523,-0][-0.0157,-0.9999,-0][0.1899,0.1936,0][-0.2243,0.43983,0.40295][0.2357,-0.8013,-0.5499][0.2319,0.209,0][-0.2371,0.44103,-0][0.0471,-0.9989,-0][0.1907,0.2131,0][-0.23775,0.42588,0.62295][-0.2047,0.4251,0.8817][0.1602,0.9833,0][-0.23775,0.19903,0.62295][-0.3147,0.5193,0.7946][0.1571,0.895,0][-0.05915,0.19903,0.66675][0.1023,0.5981,0.7948][0.2088,0.8942,0][-0.23775,0.42588,0.62295][-0.2047,0.4251,0.8817][0.1602,0.9833,0][-0.05915,0.19903,0.66675][0.1023,0.5981,0.7948][0.2088,0.8942,0][-0.05915,0.42588,0.66675][-0.0237,0.4184,0.9079][0.2078,0.9833,0][0.43115,0.34983,-0][-0.7149,-0.6993,-0][0.1881,0.1442,0][0.4482,0.34983,0.1516][-0.7804,-0.6228,-0.0552][0.2047,0.1435,0][0.37715,0.41113,0.28545][-0.5754,-0.7251,-0.3783][0.2179,0.1539,0][0.43115,0.34983,-0][-0.7149,-0.6993,-0][0.1881,0.1442,0][0.37715,0.41113,0.28545][-0.5754,-0.7251,-0.3783][0.2179,0.1539,0][0.337,0.41128,-0][-0.3633,-0.9317,-0][0.1885,0.156,0][0.71355,0.33358,0.32185][0.6919,0.4482,0.5661][0.4327,0.9493,0][0.71745,0.11293,0.32185][0.7417,0.0079,0.6706][0.4327,0.8882,0][0.74545,0.11293,0.0951][0.998,0.0079,0.0629][0.4867,0.8921,0][0.71355,0.33358,0.32185][0.6919,0.4482,0.5661][0.4327,0.9493,0][0.74545,0.11293,0.0951][0.998,0.0079,0.0629][0.4867,0.8921,0][0.74035,0.32538,0.0951][0.8617,0.5059,0.0396][0.4867,0.9493,0][0.4443,0.56943,0.12575][0.5584,0.8258,0.0787][0.1088,0.4992,0][0.46415,0.54368,0.27515][0.7966,0.5836,0.1577][0.0836,0.4967,0][0.48035,0.41608,0.3731][0.6941,0.4102,0.5915][0.0611,0.4827,0][0.4443,0.56943,0.12575][0.5584,0.8258,0.0787][0.1088,0.4992,0][0.48035,0.41608,0.3731][0.6941,0.4102,0.5915][0.0611,0.4827,0][0.5962,0.40478,0.1102][0.5854,0.8069,0.0791][0.1082,0.4615,0][0.10475,0.65533,0.157][0.0942,0.9895,0.1099][0.1046,0.5575,0][0.13945,0.58763,0.42505][0.1418,0.8901,0.4332][0.0584,0.551,0][0.332,0.57033,0.3608][0.3225,0.8574,0.4011][0.0693,0.5188,0][0.10475,0.65533,0.157][0.0942,0.9895,0.1099][0.1046,0.5575,0][0.332,0.57033,0.3608][0.3225,0.8574,0.4011][0.0693,0.5188,0][0.29555,0.61673,0.1417][0.2509,0.9648,0.0783][0.1068,0.5253,0][-0.23775,0.65533,0.1663][-0.1182,0.985,0.1261][0.1035,0.6137,0][-0.23775,0.58763,0.431][-0.11,0.8874,0.4477][0.0577,0.6145,0][-0.05915,0.58763,0.45315][-0,0.8944,0.4472][0.0534,0.5845,0][-0.23775,0.65533,0.1663][-0.1182,0.985,0.1261][0.1035,0.6137,0][-0.05915,0.58763,0.45315][-0,0.8944,0.4472][0.0534,0.5845,0][-0.05915,0.65533,0.162][0.0079,0.993,0.1182][0.1038,0.5843,0][-0.5465,0.51448,0.32415][-0.5348,0.7709,0.3461][0.0751,0.669,0][-0.4011,0.57538,0.3995][-0.3303,0.8651,0.3775][0.0639,0.6417,0][-0.3545,0.62803,0.1567][-0.2909,0.9513,0.1022][0.1051,0.6333,0][-0.5465,0.51448,0.32415][-0.5348,0.7709,0.3461][0.0751,0.669,0][-0.3545,0.62803,0.1567][-0.2909,0.9513,0.1022][0.1051,0.6333,0][-0.46135,0.58868,0.141][-0.3874,0.917,0.0948][0.1075,0.6522,0][0.29555,0.61673,0.1417][0.2509,0.9648,0.0783][0.1068,0.5253,0][0.332,0.57033,0.3608][0.3225,0.8574,0.4011][0.0693,0.5188,0][0.46415,0.54368,0.27515][0.7966,0.5836,0.1577][0.0836,0.4967,0][0.29555,0.61673,0.1417][0.2509,0.9648,0.0783][0.1068,0.5253,0][0.46415,0.54368,0.27515][0.7966,0.5836,0.1577][0.0836,0.4967,0][0.4443,0.56943,0.12575][0.5584,0.8258,0.0787][0.1088,0.4992,0][0.36175,0.42588,0.5157][0.5668,0.3621,0.74][0.3468,0.9833,0][0.36175,0.11348,0.5157][0.615,0.0158,0.7884][0.3468,0.88,0][0.4972,0.11348,0.3731][0.4969,0.0079,0.8677][0.3918,0.8844,0][0.36175,0.42588,0.5157][0.5668,0.3621,0.74][0.3468,0.9833,0][0.4972,0.11348,0.3731][0.4969,0.0079,0.8677][0.3918,0.8844,0][0.48035,0.41608,0.3731][0.6941,0.4101,0.5916][0.3918,0.9833,0][0.337,0.41128,-0][-0.3633,-0.9317,-0][0.1885,0.156,0][0.37715,0.41113,0.28545][-0.5754,-0.7251,-0.3783][0.2179,0.1539,0][0.27925,0.42933,0.3486][-0.3544,-0.7876,-0.5041][0.2246,0.1628,0][0.337,0.41128,-0][-0.3633,-0.9317,-0][0.1885,0.156,0][0.27925,0.42933,0.3486][-0.3544,-0.7876,-0.5041][0.2246,0.1628,0][0.2499,0.42933,-0][-0.1104,-0.9939,-0][0.1889,0.165,0][-0.5465,0.51448,0.32415][-0.5348,0.7709,0.3461][0.0751,0.669,0][-0.63005,0.48188,0.25965][-0.6566,0.6882,0.3085][0.0861,0.6845,0][-0.6639,0.42143,0.2794][-0.6693,0.6692,0.3228][0.0808,0.6953,0][-0.5465,0.51448,0.32415][-0.5348,0.7709,0.3461][0.0751,0.669,0][-0.6639,0.42143,0.2794][-0.6693,0.6692,0.3228][0.0808,0.6953,0][-0.5888,0.42143,0.39405][-0.6222,0.4647,0.63][0.059,0.6825,0][-0.8213,0.04128,0.2401][-0.9955,-0,0.0949][0.9122,0.5869,0][-0.80495,0.03913,0.3696][-0.7031,-0,0.7111][0.9377,0.5866,0][-0.8057,0.30563,0.3685][-0.6845,0.3934,0.6137][0.9314,0.641086,0][-0.8213,0.04128,0.2401][-0.9955,-0,0.0949][0.9122,0.5869,0][-0.8057,0.30563,0.3685][-0.6845,0.3934,0.6137][0.9314,0.641086,0][-0.818,0.30948,0.2624][-0.8786,0.4628,0.1177][0.913,0.641008,0][-0.45935,0.38968,-0][0.425,-0.9052,-0][0.1915,0.2354,0][-0.44415,0.38968,0.2492][0.6073,-0.7256,-0.3234][0.2173,0.2314,0][-0.53675,0.34133,0.10465][0.7411,-0.6465,-0.1813][0.2031,0.2435,0][-0.45935,0.38968,-0][0.425,-0.9052,-0][0.1915,0.2354,0][-0.53675,0.34133,0.10465][0.7411,-0.6465,-0.1813][0.2031,0.2435,0][-0.54525,0.34133,-0][0.7266,-0.6871,-0][0.1919,0.2453,0][-0.3545,0.62803,0.1567][-0.2909,0.9513,0.1022][0.1051,0.6333,0][-0.4011,0.57538,0.3995][-0.3303,0.8651,0.3775][0.0639,0.6417,0][-0.23775,0.58763,0.431][-0.11,0.8874,0.4477][0.0577,0.6145,0][-0.3545,0.62803,0.1567][-0.2909,0.9513,0.1022][0.1051,0.6333,0][-0.23775,0.58763,0.431][-0.11,0.8874,0.4477][0.0577,0.6145,0][-0.23775,0.65533,0.1663][-0.1182,0.985,0.1261][0.1035,0.6137,0][-0.4391,0.42588,0.57365][-0.4805,0.3859,0.7876][0.0979,0.9833,0][-0.4391,0.11348,0.57365][-0.7675,0.261,0.5855][0.0979,0.8773,0][-0.23775,0.19903,0.62295][-0.3147,0.5193,0.7946][0.1571,0.895,0][-0.4391,0.42588,0.57365][-0.4805,0.3859,0.7876][0.0979,0.9833,0][-0.23775,0.19903,0.62295][-0.3147,0.5193,0.7946][0.1571,0.895,0][-0.23775,0.42588,0.62295][-0.2047,0.4251,0.8817][0.1602,0.9833,0][-0.2371,0.44103,-0][0.0471,-0.9989,-0][0.1907,0.2131,0][-0.2243,0.43983,0.40295][0.2357,-0.8013,-0.5499][0.2319,0.209,0][-0.34495,0.41673,0.33525][0.4417,-0.7809,-0.4417][0.2257,0.2208,0][-0.2371,0.44103,-0][0.0471,-0.9989,-0][0.1907,0.2131,0][-0.34495,0.41673,0.33525][0.4417,-0.7809,-0.4417][0.2257,0.2208,0][-0.3514,0.43068,-0][0.2203,-0.9754,-0][0.1911,0.2242,0][-0.05915,0.65533,0.162][0.0079,0.993,0.1182][0.1038,0.5843,0][-0.05915,0.58763,0.45315][-0,0.8944,0.4472][0.0534,0.5845,0][0.13945,0.58763,0.42505][0.1418,0.8901,0.4332][0.0584,0.551,0][-0.05915,0.65533,0.162][0.0079,0.993,0.1182][0.1038,0.5843,0][0.13945,0.58763,0.42505][0.1418,0.8901,0.4332][0.0584,0.551,0][0.10475,0.65533,0.157][0.0942,0.9895,0.1099][0.1046,0.5575,0][-0.05915,0.42588,0.66675][-0.0237,0.4184,0.9079][0.2078,0.9833,0][-0.05915,0.19903,0.66675][0.1023,0.5981,0.7948][0.2088,0.8942,0][0.16775,0.11348,0.6198][0.6054,0.2751,0.7469][0.2739,0.8747,0][-0.05915,0.42588,0.66675][-0.0237,0.4184,0.9079][0.2078,0.9833,0][0.16775,0.11348,0.6198][0.6054,0.2751,0.7469][0.2739,0.8747,0][0.16775,0.42588,0.6198][0.3062,0.4004,0.8637][0.2739,0.9833,0][0.12125,0.43318,-0][-0.0236,-0.9997,-0][0.1893,0.1778,0][0.1544,0.43348,0.40725][-0.1891,-0.7721,-0.6067][0.231,0.1736,0][-0.01125,0.43663,0.43085][-0.0472,-0.7944,-0.6056][0.2345,0.1887,0][0.12125,0.43318,-0][-0.0236,-0.9997,-0][0.1893,0.1778,0][-0.01125,0.43663,0.43085][-0.0472,-0.7944,-0.6056][0.2345,0.1887,0][-0.0401,0.43523,-0][-0.0157,-0.9999,-0][0.1899,0.1936,0][-0.5888,0.42143,0.39405][-0.6222,0.4647,0.63][0.059,0.6825,0][-0.4391,0.42588,0.57365][-0.4804,0.3859,0.7876][0.0272,0.6546,0][-0.4011,0.57538,0.3995][-0.3303,0.8651,0.3775][0.0639,0.6417,0][-0.5888,0.42143,0.39405][-0.6222,0.4647,0.63][0.059,0.6825,0][-0.4011,0.57538,0.3995][-0.3303,0.8651,0.3775][0.0639,0.6417,0][-0.5465,0.51448,0.32415][-0.5348,0.7709,0.3461][0.0751,0.669,0][-0.23775,0.58763,0.431][-0.11,0.8874,0.4477][0.0577,0.6145,0][-0.4011,0.57538,0.3995][-0.3303,0.8651,0.3775][0.0639,0.6417,0][-0.4391,0.42588,0.57365][-0.4804,0.3859,0.7876][0.0272,0.6546,0][-0.23775,0.58763,0.431][-0.11,0.8874,0.4477][0.0577,0.6145,0][-0.4391,0.42588,0.57365][-0.4804,0.3859,0.7876][0.0272,0.6546,0][-0.23775,0.42588,0.62295][-0.2047,0.4251,0.8817][0.0154,0.6181,0][-0.05915,0.58763,0.45315][-0,0.8944,0.4472][0.0534,0.5845,0][-0.23775,0.58763,0.431][-0.11,0.8874,0.4477][0.0577,0.6145,0][-0.23775,0.42588,0.62295][-0.2047,0.4251,0.8817][0.0154,0.6181,0][-0.05915,0.58763,0.45315][-0,0.8944,0.4472][0.0534,0.5845,0][-0.23775,0.42588,0.62295][-0.2047,0.4251,0.8817][0.0154,0.6181,0][-0.05915,0.42588,0.66675][-0.0237,0.4185,0.9079][0.0081,0.5845,0][0.13945,0.58763,0.42505][0.1418,0.8901,0.4332][0.0584,0.551,0][-0.05915,0.58763,0.45315][-0,0.8944,0.4472][0.0534,0.5845,0][-0.05915,0.42588,0.66675][-0.0237,0.4185,0.9079][0.0081,0.5845,0][0.13945,0.58763,0.42505][0.1418,0.8901,0.4332][0.0584,0.551,0][-0.05915,0.42588,0.66675][-0.0237,0.4185,0.9079][0.0081,0.5845,0][0.16775,0.42588,0.6198][0.3062,0.4005,0.8636][0.0162,0.5426,0][0.332,0.57033,0.3608][0.3225,0.8574,0.4011][0.0693,0.5188,0][0.13945,0.58763,0.42505][0.1418,0.8901,0.4332][0.0584,0.551,0][0.16775,0.42588,0.6198][0.3062,0.4005,0.8636][0.0162,0.5426,0][0.332,0.57033,0.3608][0.3225,0.8574,0.4011][0.0693,0.5188,0][0.16775,0.42588,0.6198][0.3062,0.4005,0.8636][0.0162,0.5426,0][0.36175,0.42588,0.5157][0.5668,0.3622,0.74][0.0355,0.5066,0][0.46415,0.54368,0.27515][0.7966,0.5836,0.1577][0.0836,0.4967,0][0.332,0.57033,0.3608][0.3225,0.8574,0.4011][0.0693,0.5188,0][0.36175,0.42588,0.5157][0.5668,0.3622,0.74][0.0355,0.5066,0][0.46415,0.54368,0.27515][0.7966,0.5836,0.1577][0.0836,0.4967,0][0.36175,0.42588,0.5157][0.5668,0.3622,0.74][0.0355,0.5066,0][0.48035,0.41608,0.3731][0.6941,0.4102,0.5915][0.0611,0.4827,0][-0.5465,0.51448,0.32415][-0.5348,0.7709,0.3461][0.0751,0.669,0][-0.46135,0.58868,0.141][-0.3874,0.917,0.0948][0.1075,0.6522,0][-0.62405,0.51388,0.1092][-0.5906,0.8031,0.0788][0.1125,0.6823,0][-0.5465,0.51448,0.32415][-0.5348,0.7709,0.3461][0.0751,0.669,0][-0.62405,0.51388,0.1092][-0.5906,0.8031,0.0788][0.1125,0.6823,0][-0.63005,0.48188,0.25965][-0.6566,0.6882,0.3085][0.0861,0.6845,0][-0.82763,0.04353,0.15115][-0.9992,0.0079,0.0393][0.8877,0.587,0][-0.8213,0.04128,0.2401][-0.9955,-0,0.0949][0.9122,0.5869,0][-0.818,0.30948,0.2624][-0.8786,0.4628,0.1177][0.913,0.641008,0][-0.82763,0.04353,0.15115][-0.9992,0.0079,0.0393][0.8877,0.587,0][-0.818,0.30948,0.2624][-0.8786,0.4628,0.1177][0.913,0.641008,0][-0.824585,0.31438,0.1605][-0.8989,0.4336,0.0631][0.8881,0.641063,0][-0.70595,0.42143,0.11225][-0.7005,0.7084,0.0866][0.1108,0.7031,0][-0.62405,0.51388,0.1092][-0.5906,0.8031,0.0788][0.1125,0.6823,0][-0.62865,0.51413,-0][-0.5975,0.8019,-0][0.1317,0.6832,0][-0.70595,0.42143,0.11225][-0.7005,0.7084,0.0866][0.1108,0.7031,0][-0.62865,0.51413,-0][-0.5975,0.8019,-0][0.1317,0.6832,0][-0.70635,0.42588,-0][-0.7111,0.7031,-0][0.1318,0.7031,0][-0.63005,0.48188,0.25965][-0.6566,0.6882,0.3085][0.0861,0.6845,0][-0.62405,0.51388,0.1092][-0.5906,0.8031,0.0788][0.1125,0.6823,0][-0.70595,0.42143,0.11225][-0.7005,0.7084,0.0866][0.1108,0.7031,0][-0.63005,0.48188,0.25965][-0.6566,0.6882,0.3085][0.0861,0.6845,0][-0.70595,0.42143,0.11225][-0.7005,0.7084,0.0866][0.1108,0.7031,0][-0.6639,0.42143,0.2794][-0.6693,0.6692,0.3228][0.0808,0.6953,0][-0.42805,0.11348,0.4569][0.5338,-0.1885,-0.8243][0.2528,0.2431,0][-0.5415,0.10963,0.32285][0.8205,-0.1973,-0.5365][0.235,0.2578,0][-0.44415,0.38968,0.2492][0.6073,-0.7256,-0.3234][0.2173,0.2314,0][-0.42805,0.11348,0.4569][0.5338,-0.1885,-0.8243][0.2528,0.2431,0][-0.44415,0.38968,0.2492][0.6073,-0.7256,-0.3234][0.2173,0.2314,0][-0.34495,0.41673,0.33525][0.4417,-0.7809,-0.4417][0.2257,0.2208,0][0.3676,0.11348,0.41515][-0.5339,-0.1492,-0.8323][0.2476,0.137,0][0.1724,0.11348,0.49075][-0.2756,-0.126,-0.953][0.2623,0.1602,0][0.1544,0.43348,0.40725][-0.1891,-0.7721,-0.6067][0.231,0.1736,0][0.3676,0.11348,0.41515][-0.5339,-0.1492,-0.8323][0.2476,0.137,0][0.1544,0.43348,0.40725][-0.1891,-0.7721,-0.6067][0.231,0.1736,0][0.27925,0.42933,0.3486][-0.3544,-0.7876,-0.5041][0.2246,0.1628,0][-0.05165,0.19903,0.52815][-0.0395,-0.1975,-0.9795][0.2613,0.1912,0][-0.2368,0.19903,0.49955][0.2509,-0.2274,-0.9409][0.2573,0.2163,0][-0.2243,0.43983,0.40295][0.2357,-0.8013,-0.5499][0.2319,0.209,0][-0.05165,0.19903,0.52815][-0.0395,-0.1975,-0.9795][0.2613,0.1912,0][-0.2243,0.43983,0.40295][0.2357,-0.8013,-0.5499][0.2319,0.209,0][-0.01125,0.43663,0.43085][-0.0472,-0.7944,-0.6056][0.2345,0.1887,0][0.5748,0.11348,-0][-0.9678,-0.2518,-0][0.187,0.1152,0][0.5663,0.11348,0.1516][-0.9442,-0.2125,-0.2518][0.2075,0.1159,0][0.4482,0.34983,0.1516][-0.7804,-0.6228,-0.0552][0.2047,0.1435,0][0.5748,0.11348,-0][-0.9678,-0.2518,-0][0.187,0.1152,0][0.4482,0.34983,0.1516][-0.7804,-0.6228,-0.0552][0.2047,0.1435,0][0.43115,0.34983,-0][-0.7149,-0.6993,-0][0.1881,0.1442,0][0.5663,0.11348,0.1516][-0.9442,-0.2125,-0.2518][0.2075,0.1159,0][0.48425,0.11348,0.30765][-0.7822,-0.166,-0.6005][0.2298,0.1237,0][0.37715,0.41113,0.28545][-0.5754,-0.7251,-0.3783][0.2179,0.1539,0][0.5663,0.11348,0.1516][-0.9442,-0.2125,-0.2518][0.2075,0.1159,0][0.37715,0.41113,0.28545][-0.5754,-0.7251,-0.3783][0.2179,0.1539,0][0.4482,0.34983,0.1516][-0.7804,-0.6228,-0.0552][0.2047,0.1435,0][0.48425,0.11348,0.30765][-0.7822,-0.166,-0.6005][0.2298,0.1237,0][0.3676,0.11348,0.41515][-0.5339,-0.1492,-0.8323][0.2476,0.137,0][0.27925,0.42933,0.3486][-0.3544,-0.7876,-0.5041][0.2246,0.1628,0][0.48425,0.11348,0.30765][-0.7822,-0.166,-0.6005][0.2298,0.1237,0][0.27925,0.42933,0.3486][-0.3544,-0.7876,-0.5041][0.2246,0.1628,0][0.37715,0.41113,0.28545][-0.5754,-0.7251,-0.3783][0.2179,0.1539,0][-0.5415,0.10963,0.32285][0.8205,-0.1973,-0.5365][0.235,0.2578,0][-0.65695,0.10968,0.09535][0.9407,-0.2196,-0.2587][0.2068,0.2706,0][-0.53675,0.34133,0.10465][0.7411,-0.6465,-0.1813][0.2031,0.2435,0][-0.5415,0.10963,0.32285][0.8205,-0.1973,-0.5365][0.235,0.2578,0][-0.53675,0.34133,0.10465][0.7411,-0.6465,-0.1813][0.2031,0.2435,0][-0.44415,0.38968,0.2492][0.6073,-0.7256,-0.3234][0.2173,0.2314,0][-0.65695,0.10968,0.09535][0.9407,-0.2196,-0.2587][0.2068,0.2706,0][-0.6645,0.10968,0][0.9719,-0.2352,-0][0.1929,0.2724,0][-0.54525,0.34133,-0][0.7266,-0.6871,-0][0.1919,0.2453,0][-0.65695,0.10968,0.09535][0.9407,-0.2196,-0.2587][0.2068,0.2706,0][-0.54525,0.34133,-0][0.7266,-0.6871,-0][0.1919,0.2453,0][-0.53675,0.34133,0.10465][0.7411,-0.6465,-0.1813][0.2031,0.2435,0][-0.2368,0.19903,0.49955][0.2509,-0.2274,-0.9409][0.2573,0.2163,0][-0.42805,0.11348,0.4569][0.5338,-0.1885,-0.8243][0.2528,0.2431,0][-0.34495,0.41673,0.33525][0.4417,-0.7809,-0.4417][0.2257,0.2208,0][-0.2368,0.19903,0.49955][0.2509,-0.2274,-0.9409][0.2573,0.2163,0][-0.34495,0.41673,0.33525][0.4417,-0.7809,-0.4417][0.2257,0.2208,0][-0.2243,0.43983,0.40295][0.2357,-0.8013,-0.5499][0.2319,0.209,0][0.1724,0.11348,0.49075][-0.2756,-0.126,-0.953][0.2623,0.1602,0][-0.05165,0.19903,0.52815][-0.0395,-0.1975,-0.9795][0.2613,0.1912,0][-0.01125,0.43663,0.43085][-0.0472,-0.7944,-0.6056][0.2345,0.1887,0][0.1724,0.11348,0.49075][-0.2756,-0.126,-0.953][0.2623,0.1602,0][-0.01125,0.43663,0.43085][-0.0472,-0.7944,-0.6056][0.2345,0.1887,0][0.1544,0.43348,0.40725][-0.1891,-0.7721,-0.6067][0.231,0.1736,0][-0.62405,0.51388,0.1092][-0.5906,0.8031,0.0788][0.1125,0.6823,0][-0.46135,0.58868,0.141][-0.3874,0.917,0.0948][0.1075,0.6522,0][-0.46135,0.58868,-0][-0.3796,0.9252,-0][0.1314,0.6524,0][-0.62405,0.51388,0.1092][-0.5906,0.8031,0.0788][0.1125,0.6823,0][-0.46135,0.58868,-0][-0.3796,0.9252,-0][0.1314,0.6524,0][-0.62865,0.51413,-0][-0.5975,0.8019,-0][0.1317,0.6832,0][-0.46135,0.58868,0.141][-0.3874,0.917,0.0948][0.1075,0.6522,0][-0.3545,0.62803,0.1567][-0.2909,0.9513,0.1022][0.1051,0.6333,0][-0.3545,0.62803,-0][-0.283,0.9591,-0][0.1312,0.6335,0][-0.46135,0.58868,0.141][-0.3874,0.917,0.0948][0.1075,0.6522,0][-0.3545,0.62803,-0][-0.283,0.9591,-0][0.1312,0.6335,0][-0.46135,0.58868,-0][-0.3796,0.9252,-0][0.1314,0.6524,0][-0.23775,0.65533,-0][-0.1182,0.993,-0][0.1311,0.6137,0][-0.3545,0.62803,-0][-0.283,0.9591,-0][0.1312,0.6335,0][-0.3545,0.62803,0.1567][-0.2909,0.9513,0.1022][0.1051,0.6333,0][-0.23775,0.65533,-0][-0.1182,0.993,-0][0.1311,0.6137,0][-0.3545,0.62803,0.1567][-0.2909,0.9513,0.1022][0.1051,0.6333,0][-0.23775,0.65533,0.1663][-0.1182,0.985,0.1261][0.1035,0.6137,0][-0.23775,0.65533,0.1663][-0.1182,0.985,0.1261][0.1035,0.6137,0][-0.05915,0.65533,0.162][0.0079,0.993,0.1182][0.1038,0.5843,0][-0.05915,0.65533,-0][-0,1,-0][0.1308,0.5841,0][-0.23775,0.65533,0.1663][-0.1182,0.985,0.1261][0.1035,0.6137,0][-0.05915,0.65533,-0][-0,1,-0][0.1308,0.5841,0][-0.23775,0.65533,-0][-0.1182,0.993,-0][0.1311,0.6137,0][-0.05915,0.65533,0.162][0.0079,0.993,0.1182][0.1038,0.5843,0][0.10475,0.65533,0.157][0.0942,0.9895,0.1099][0.1046,0.5575,0][0.10475,0.65533,-0][0.1026,0.9947,-0][0.1306,0.5571,0][-0.05915,0.65533,0.162][0.0079,0.993,0.1182][0.1038,0.5843,0][0.10475,0.65533,-0][0.1026,0.9947,-0][0.1306,0.5571,0][-0.05915,0.65533,-0][-0,1,-0][0.1308,0.5841,0][0.10475,0.65533,0.157][0.0942,0.9895,0.1099][0.1046,0.5575,0][0.29555,0.61673,0.1417][0.2509,0.9648,0.0783][0.1068,0.5253,0][0.29555,0.61673,-0][0.2517,0.9678,-0][0.1303,0.5246,0][0.10475,0.65533,0.157][0.0942,0.9895,0.1099][0.1046,0.5575,0][0.29555,0.61673,-0][0.2517,0.9678,-0][0.1303,0.5246,0][0.10475,0.65533,-0][0.1026,0.9947,-0][0.1306,0.5571,0][0.29555,0.61673,0.1417][0.2509,0.9648,0.0783][0.1068,0.5253,0][0.4443,0.56943,0.12575][0.5584,0.8258,0.0787][0.1088,0.4992,0][0.4443,0.56943,-0][0.5365,0.8439,-0][0.1301,0.4984,0][0.29555,0.61673,0.1417][0.2509,0.9648,0.0783][0.1068,0.5253,0][0.4443,0.56943,-0][0.5365,0.8439,-0][0.1301,0.4984,0][0.29555,0.61673,-0][0.2517,0.9678,-0][0.1303,0.5246,0][0.4443,0.56943,0.12575][0.5584,0.8258,0.0787][0.1088,0.4992,0][0.5962,0.40478,0.1102][0.5854,0.8069,0.0791][0.1082,0.4615,0][0.5962,0.40478,-0][0.6151,0.7885,-0][0.1297,0.4604,0][0.4443,0.56943,0.12575][0.5584,0.8258,0.0787][0.1088,0.4992,0][0.5962,0.40478,-0][0.6151,0.7885,-0][0.1297,0.4604,0][0.4443,0.56943,-0][0.5365,0.8439,-0][0.1301,0.4984,0][0.74035,0.32538,0.0951][0.8617,0.5059,0.0396][0.4867,0.9493,0][0.74545,0.11293,0.0951][0.998,0.0079,0.0629][0.4867,0.8921,0][0.74545,0.11293,-0][0.9999,0.0157,-0][0.5108,0.8928,0][0.74035,0.32538,0.0951][0.8617,0.5059,0.0396][0.4867,0.9493,0][0.74545,0.11293,-0][0.9999,0.0157,-0][0.5108,0.8928,0][0.74035,0.32538,-0][0.8554,0.518,-0][0.5104,0.9493,0][-0.6645,-0.69812,0][0.6871,-0.7265,-0][0.8015,0.264,0][-0.65695,-0.69812,0.09535][0.6296,-0.7555,-0.181][0.8118,0.2628,0][-0.73825,-0.69817,0.10405][-0.0001,-1,-0][0.8131,0.2715,0][-0.6645,-0.69812,0][0.6871,-0.7265,-0][0.8015,0.264,0][-0.73825,-0.69817,0.10405][-0.0001,-1,-0][0.8131,0.2715,0][-0.73825,-0.69817,0][-0,-1,-0][0.8017,0.272,0][0.56635,-0.69432,0.1516][-0.631,-0.7413,-0.2287][0.8131,0.1301,0][0.5966,-0.69432,0][-0.6541,-0.7564,-0][0.7965,0.1273,0][0.61835,-0.69432,0.1102][-0,-1,-0][0.8084,0.1246,0][0.48425,-0.69432,0.30765][-0.5278,-0.7483,-0.4017][0.8303,0.1384,0][0.56635,-0.69432,0.1516][-0.631,-0.7413,-0.2287][0.8131,0.1301,0][0.61835,-0.69432,0.1102][-0,-1,-0][0.8084,0.1246,0][0.48425,-0.69432,0.30765][-0.5278,-0.7483,-0.4017][0.8303,0.1384,0][0.61835,-0.69432,0.1102][-0,-1,-0][0.8084,0.1246,0][0.4972,-0.69432,0.3731][-0,-1,-0][0.8372,0.1367,0][0.3676,-0.69432,0.41515][-0.3479,-0.751,-0.5613][0.8424,0.1506,0][0.48425,-0.69432,0.30765][-0.5278,-0.7483,-0.4017][0.8303,0.1384,0][0.4972,-0.69432,0.3731][-0,-1,-0][0.8372,0.1367,0][0.3676,-0.69432,0.41515][-0.3479,-0.751,-0.5613][0.8424,0.1506,0][0.4972,-0.69432,0.3731][-0,-1,-0][0.8372,0.1367,0][0.36175,-0.69432,0.5157][-0,-1,-0][0.8532,0.1508,0][0.1724,-0.69432,0.49075][-0.1806,-0.7299,-0.6593][0.8513,0.1714,0][0.3676,-0.69432,0.41515][-0.3479,-0.751,-0.5613][0.8424,0.1506,0][0.36175,-0.69432,0.5157][-0,-1,-0][0.8532,0.1508,0][0.1724,-0.69432,0.49075][-0.1806,-0.7299,-0.6593][0.8513,0.1714,0][0.36175,-0.69432,0.5157][-0,-1,-0][0.8532,0.1508,0][0.16775,-0.69432,0.6198][-0,-1,-0][0.8651,0.1714,0][-0.05165,-0.69432,0.52815][-0.0079,-0.7452,-0.6668][0.8562,0.1955,0][0.1724,-0.69432,0.49075][-0.1806,-0.7299,-0.6593][0.8513,0.1714,0][0.16775,-0.69432,0.6198][-0,-1,-0][0.8651,0.1714,0][-0.05165,-0.69432,0.52815][-0.0079,-0.7452,-0.6668][0.8562,0.1955,0][0.16775,-0.69432,0.6198][-0,-1,-0][0.8651,0.1714,0][-0.05915,-0.69432,0.66675][-0,-1,-0][0.8711,0.1957,0][-0.65695,-0.69812,0.09535][0.6296,-0.7555,-0.181][0.8118,0.2628,0][-0.5415,-0.69817,0.32285][0.5685,-0.7343,-0.3711][0.8359,0.2494,0][-0.69595,-0.69817,0.24905][0.0001,-1,-0.0001][0.8286,0.2663,0][-0.65695,-0.69812,0.09535][0.6296,-0.7555,-0.181][0.8118,0.2628,0][-0.69595,-0.69817,0.24905][0.0001,-1,-0.0001][0.8286,0.2663,0][-0.73825,-0.69817,0.10405][-0.0001,-1,-0][0.8131,0.2715,0][-0.5415,-0.69817,0.32285][0.5685,-0.7343,-0.3711][0.8359,0.2494,0][-0.42805,-0.69432,0.4569][0.3385,-0.7793,-0.5274][0.85,0.2365,0][-0.4391,-0.69432,0.57365][0.0079,-1,-0][0.8625,0.2372,0][-0.5415,-0.69817,0.32285][0.5685,-0.7343,-0.3711][0.8359,0.2494,0][-0.4391,-0.69432,0.57365][0.0079,-1,-0][0.8625,0.2372,0][-0.5888,-0.69817,0.39405][0.0079,-0.9999,0.0079][0.8438,0.2542,0][-0.5415,-0.69817,0.32285][0.5685,-0.7343,-0.3711][0.8359,0.2494,0][-0.5888,-0.69817,0.39405][0.0079,-0.9999,0.0079][0.8438,0.2542,0][-0.69595,-0.69817,0.24905][0.0001,-1,-0.0001][0.8286,0.2663,0][-0.42805,-0.69432,0.4569][0.3385,-0.7793,-0.5274][0.85,0.2365,0][-0.2368,-0.69432,0.49955][0.1261,-0.717,-0.6856][0.8539,0.2157,0][-0.23775,-0.69432,0.62295][-0,-1,-0][0.8671,0.2153,0][-0.42805,-0.69432,0.4569][0.3385,-0.7793,-0.5274][0.85,0.2365,0][-0.23775,-0.69432,0.62295][-0,-1,-0][0.8671,0.2153,0][-0.4391,-0.69432,0.57365][0.0079,-1,-0][0.8625,0.2372,0][-0.2368,-0.69432,0.49955][0.1261,-0.717,-0.6856][0.8539,0.2157,0][-0.05165,-0.69432,0.52815][-0.0079,-0.7452,-0.6668][0.8562,0.1955,0][-0.05915,-0.69432,0.66675][-0,-1,-0][0.8711,0.1957,0][-0.2368,-0.69432,0.49955][0.1261,-0.717,-0.6856][0.8539,0.2157,0][-0.05915,-0.69432,0.66675][-0,-1,-0][0.8711,0.1957,0][-0.23775,-0.69432,0.62295][-0,-1,-0][0.8671,0.2153,0][-0.6645,0.10968,0][0.972,-0.2351,-0][0.6886,0.3283,0][-0.65695,0.10968,0.09535][0.9407,-0.2194,-0.2587][0.6777,0.3285,0][-0.65695,-0.69812,0.09535][0.6296,-0.7555,-0.181][0.6757,0.2366,0][-0.6645,0.10968,0][0.972,-0.2351,-0][0.6886,0.3283,0][-0.65695,-0.69812,0.09535][0.6296,-0.7555,-0.181][0.6757,0.2366,0][-0.6645,-0.69812,0][0.6871,-0.7266,-0][0.6865,0.2363,0][-0.82763,0.04353,0.15115][-0.9992,0.0079,0.0393][0.8877,0.587,0][-0.82868,0.04403,0][-1,0.0079,-0][0.8588,0.5871,0][-0.82878,-0.22312,0][-1,0.0001,-0][0.8587,0.5347,0][-0.82763,0.04353,0.15115][-0.9992,0.0079,0.0393][0.8877,0.587,0][-0.82878,-0.22312,0][-1,0.0001,-0][0.8587,0.5347,0][-0.82768,-0.22312,0.15215][-0.9989,-0,0.0472][0.8877,0.5347,0][0.5663,0.11348,0.1516][-0.9442,-0.2124,-0.2518][0.4965,0.3308,0][0.5748,0.11348,-0][-0.9678,-0.2517,-0][0.4793,0.3306,0][0.5966,-0.69432,0][-0.654,-0.7565,-0][0.4799,0.2385,0][0.5663,0.11348,0.1516][-0.9442,-0.2124,-0.2518][0.4965,0.3308,0][0.5966,-0.69432,0][-0.654,-0.7565,-0][0.4799,0.2385,0][0.56635,-0.69432,0.1516][-0.6309,-0.7414,-0.2287][0.4972,0.2388,0][0.74545,0.11293,-0][0.9999,0.0157,-0][0.5108,0.8928,0][0.74545,0.11293,0.0951][0.998,0.0079,0.0629][0.4867,0.8921,0][0.74545,-0.11077,0.0951][0.8737,-0.4801,0.0787][0.4867,0.8335,0][0.74545,0.11293,-0][0.9999,0.0157,-0][0.5108,0.8928,0][0.74545,-0.11077,0.0951][0.8737,-0.4801,0.0787][0.4867,0.8335,0][0.74545,-0.11077,-0][0.8782,-0.4783,-0][0.5113,0.8335,0][0.48425,0.11348,0.30765][-0.7822,-0.1659,-0.6005][0.5166,0.331,0][0.5663,0.11348,0.1516][-0.9442,-0.2124,-0.2518][0.4965,0.3308,0][0.56635,-0.69432,0.1516][-0.6309,-0.7414,-0.2287][0.4972,0.2388,0][0.48425,0.11348,0.30765][-0.7822,-0.1659,-0.6005][0.5166,0.331,0][0.56635,-0.69432,0.1516][-0.6309,-0.7414,-0.2287][0.4972,0.2388,0][0.48425,-0.69432,0.30765][-0.5278,-0.7484,-0.4018][0.517,0.239,0][0.74545,0.11293,0.0951][0.998,0.0079,0.0629][0.4867,0.8921,0][0.71745,0.11293,0.32185][0.7417,0.0079,0.6706][0.4327,0.8882,0][0.71745,-0.11077,0.32185][0.6925,-0.4564,0.5587][0.4327,0.8335,0][0.74545,0.11293,0.0951][0.998,0.0079,0.0629][0.4867,0.8921,0][0.71745,-0.11077,0.32185][0.6925,-0.4564,0.5587][0.4327,0.8335,0][0.74545,-0.11077,0.0951][0.8737,-0.4801,0.0787][0.4867,0.8335,0][0.3676,0.11348,0.41515][-0.5339,-0.1492,-0.8323][0.5348,0.3311,0][0.48425,0.11348,0.30765][-0.7822,-0.1659,-0.6005][0.5166,0.331,0][0.48425,-0.69432,0.30765][-0.5278,-0.7484,-0.4018][0.517,0.239,0][0.3676,0.11348,0.41515][-0.5339,-0.1492,-0.8323][0.5348,0.3311,0][0.48425,-0.69432,0.30765][-0.5278,-0.7484,-0.4018][0.517,0.239,0][0.3676,-0.69432,0.41515][-0.3478,-0.751,-0.5612][0.5347,0.2391,0][0.4972,0.11348,0.3731][0.4969,0.0079,0.8677][0.3918,0.8844,0][0.36175,0.11348,0.5157][0.615,0.0158,0.7884][0.3468,0.88,0][0.36175,-0.19327,0.5157][0.6539,-0.0157,0.7564][0.3468,0.7985,0][0.4972,0.11348,0.3731][0.4969,0.0079,0.8677][0.3918,0.8844,0][0.36175,-0.19327,0.5157][0.6539,-0.0157,0.7564][0.3468,0.7985,0][0.4972,-0.19327,0.3731][0.7232,-0.1415,0.676][0.3918,0.7948,0][0.1724,0.11348,0.49075][-0.2757,-0.126,-0.953][0.5587,0.331,0][0.3676,0.11348,0.41515][-0.5339,-0.1492,-0.8323][0.5348,0.3311,0][0.3676,-0.69432,0.41515][-0.3478,-0.751,-0.5612][0.5347,0.2391,0][0.1724,0.11348,0.49075][-0.2757,-0.126,-0.953][0.5587,0.331,0][0.3676,-0.69432,0.41515][-0.3478,-0.751,-0.5612][0.5347,0.2391,0][0.1724,-0.69432,0.49075][-0.1805,-0.7299,-0.6592][0.5582,0.239,0][0.36175,0.11348,0.5157][0.615,0.0158,0.7884][0.3468,0.88,0][0.16775,0.11348,0.6198][0.6054,0.2751,0.7469][0.2739,0.8747,0][0.22585,-0.19327,0.6198][0.8495,-0.0236,0.5271][0.2971,0.7951,0][0.36175,0.11348,0.5157][0.615,0.0158,0.7884][0.3468,0.88,0][0.22585,-0.19327,0.6198][0.8495,-0.0236,0.5271][0.2971,0.7951,0][0.36175,-0.19327,0.5157][0.6539,-0.0157,0.7564][0.3468,0.7985,0][-0.05165,0.19903,0.52815][-0.0395,-0.1974,-0.9795][0.5848,0.3405,0][0.1724,0.11348,0.49075][-0.2757,-0.126,-0.953][0.5587,0.331,0][0.1724,-0.69432,0.49075][-0.1805,-0.7299,-0.6592][0.5582,0.239,0][-0.05165,0.19903,0.52815][-0.0395,-0.1974,-0.9795][0.5848,0.3405,0][0.1724,-0.69432,0.49075][-0.1805,-0.7299,-0.6592][0.5582,0.239,0][-0.05165,-0.69432,0.52815][-0.0079,-0.7452,-0.6667][0.5837,0.2388,0][0.1524,0.06743,0.7956][0.6453,0.4328,0.6295][0.6658,0.5081,0][-0.06665,0.15298,0.8423][0.0785,0.6044,0.7928][0.6861,0.5581,0][-0.06665,-0.19142,0.8423][-0.0315,0.0079,0.9995][0.6047,0.558,0][0.1524,0.06743,0.7956][0.6453,0.4328,0.6295][0.6658,0.5081,0][-0.06665,-0.19142,0.8423][-0.0315,0.0079,0.9995][0.6047,0.558,0][0.20755,-0.19142,0.7956][0.7637,0.0079,0.6456][0.6064,0.4927,0][-0.65695,0.10968,0.09535][0.9407,-0.2194,-0.2587][0.6777,0.3285,0][-0.5415,0.10963,0.32285][0.8205,-0.1972,-0.5365][0.6486,0.3292,0][-0.5415,-0.69817,0.32285][0.5684,-0.7343,-0.371][0.6467,0.2372,0][-0.65695,0.10968,0.09535][0.9407,-0.2194,-0.2587][0.6777,0.3285,0][-0.5415,-0.69817,0.32285][0.5684,-0.7343,-0.371][0.6467,0.2372,0][-0.65695,-0.69812,0.09535][0.6296,-0.7555,-0.181][0.6757,0.2366,0][-0.8213,0.04128,0.2401][-0.9955,-0,0.0949][0.9122,0.5869,0][-0.82763,0.04353,0.15115][-0.9992,0.0079,0.0393][0.8877,0.587,0][-0.82768,-0.22312,0.15215][-0.9989,-0,0.0472][0.8877,0.5347,0][-0.8213,0.04128,0.2401][-0.9955,-0,0.0949][0.9122,0.5869,0][-0.82768,-0.22312,0.15215][-0.9989,-0,0.0472][0.8877,0.5347,0][-0.82045,-0.22312,0.24195][-0.9947,-0.0079,0.1026][0.9121,0.5345,0][-0.5415,0.10963,0.32285][0.8205,-0.1972,-0.5365][0.6486,0.3292,0][-0.42805,0.11348,0.4569][0.5339,-0.1884,-0.8243][0.6285,0.3301,0][-0.42805,-0.69432,0.4569][0.3385,-0.7793,-0.5274][0.6269,0.2381,0][-0.5415,0.10963,0.32285][0.8205,-0.1972,-0.5365][0.6486,0.3292,0][-0.42805,-0.69432,0.4569][0.3385,-0.7793,-0.5274][0.6269,0.2381,0][-0.5415,-0.69817,0.32285][0.5684,-0.7343,-0.371][0.6467,0.2372,0][-0.4391,0.11348,0.57365][-0.7675,0.261,0.5855][0.0979,0.8773,0][-0.5888,0.10963,0.39405][-0.4723,-0,0.8815][0.0168,0.8765,0][-0.5888,-0.19712,0.39405][-0.5508,0.0315,0.834][0.0168,0.7992,0][-0.4391,0.11348,0.57365][-0.7675,0.261,0.5855][0.0979,0.8773,0][-0.5888,-0.19712,0.39405][-0.5508,0.0315,0.834][0.0168,0.7992,0][-0.49715,-0.19327,0.57365][-0.9515,0.0236,0.3067][0.073,0.7983,0][-0.80495,0.03913,0.3696][-0.7031,-0,0.7111][0.9377,0.5866,0][-0.8213,0.04128,0.2401][-0.9955,-0,0.0949][0.9122,0.5869,0][-0.82045,-0.22312,0.24195][-0.9947,-0.0079,0.1026][0.9121,0.5345,0][-0.80495,0.03913,0.3696][-0.7031,-0,0.7111][0.9377,0.5866,0][-0.82045,-0.22312,0.24195][-0.9947,-0.0079,0.1026][0.9121,0.5345,0][-0.80415,-0.22312,0.37075][-0.6992,-0,0.7149][0.9372,0.5346,0][-0.42805,0.11348,0.4569][0.5339,-0.1884,-0.8243][0.6285,0.3301,0][-0.2368,0.19903,0.49955][0.2509,-0.2273,-0.9409][0.6063,0.3402,0][-0.2368,-0.69432,0.49955][0.1261,-0.7171,-0.6855][0.6048,0.2385,0][-0.42805,0.11348,0.4569][0.5339,-0.1884,-0.8243][0.6285,0.3301,0][-0.2368,-0.69432,0.49955][0.1261,-0.7171,-0.6855][0.6048,0.2385,0][-0.42805,-0.69432,0.4569][0.3385,-0.7793,-0.5274][0.6269,0.2381,0][-0.24155,0.15298,0.79835][-0.2993,0.63,0.7166][0.6884,0.5963,0][-0.4256,0.06743,0.74905][-0.6789,0.4342,0.5921][0.6672,0.6394,0][-0.4811,-0.19142,0.74905][-0.7777,-0.0157,0.6284][0.6067,0.6548,0][-0.24155,0.15298,0.79835][-0.2993,0.63,0.7166][0.6884,0.5963,0][-0.4811,-0.19142,0.74905][-0.7777,-0.0157,0.6284][0.6067,0.6548,0][-0.24155,-0.19142,0.79835][-0.2278,-0.0078,0.9737][0.6047,0.5982,0][-0.2368,0.19903,0.49955][0.2509,-0.2273,-0.9409][0.6063,0.3402,0][-0.05165,0.19903,0.52815][-0.0395,-0.1974,-0.9795][0.5848,0.3405,0][-0.05165,-0.69432,0.52815][-0.0079,-0.7452,-0.6667][0.5837,0.2388,0][-0.2368,0.19903,0.49955][0.2509,-0.2273,-0.9409][0.6063,0.3402,0][-0.05165,-0.69432,0.52815][-0.0079,-0.7452,-0.6667][0.5837,0.2388,0][-0.2368,-0.69432,0.49955][0.1261,-0.7171,-0.6855][0.6048,0.2385,0][-0.06665,0.15298,0.8423][0.0785,0.6044,0.7928][0.6861,0.5581,0][-0.24155,0.15298,0.79835][-0.2993,0.63,0.7166][0.6884,0.5963,0][-0.24155,-0.19142,0.79835][-0.2278,-0.0078,0.9737][0.6047,0.5982,0][-0.06665,0.15298,0.8423][0.0785,0.6044,0.7928][0.6861,0.5581,0][-0.24155,-0.19142,0.79835][-0.2278,-0.0078,0.9737][0.6047,0.5982,0][-0.06665,-0.19142,0.8423][-0.0315,0.0079,0.9995][0.6047,0.558,0][-0.80335,-0.52357,0.3023][-0.7479,0.5511,0.37][0.9141,0.2862,0][-0.85755,-0.52357,0.1211][-0.8255,0.5503,0.1258][0.9401,0.2602,0][-0.85755,-0.69817,0.1211][-0.7254,-0.6781,0.1182][0.9718,0.2906,0][-0.80335,-0.52357,0.3023][-0.7479,0.5511,0.37][0.9141,0.2862,0][-0.85755,-0.69817,0.1211][-0.7254,-0.6781,0.1182][0.9718,0.2906,0][-0.80335,-0.69817,0.3023][-0.6648,-0.6728,0.3245][0.9439,0.3182,0][-0.6845,-0.52357,0.4692][-0.6766,0.59,0.4405][0.8825,0.3117,0][-0.80335,-0.52357,0.3023][-0.7479,0.5511,0.37][0.9141,0.2862,0][-0.80335,-0.69817,0.3023][-0.6648,-0.6728,0.3245][0.9439,0.3182,0][-0.6845,-0.52357,0.4692][-0.6766,0.59,0.4405][0.8825,0.3117,0][-0.80335,-0.69817,0.3023][-0.6648,-0.6728,0.3245][0.9439,0.3182,0][-0.6845,-0.69817,0.4692][-0.5806,-0.7219,0.3766][0.9125,0.3459,0][-0.50035,-0.51972,0.7959][-0.5059,0.5692,0.6482][0.8297,0.3621,0][-0.6845,-0.52357,0.4692][-0.6766,0.59,0.4405][0.8825,0.3117,0][-0.6845,-0.69817,0.4692][-0.5806,-0.7219,0.3766][0.9125,0.3459,0][-0.50035,-0.51972,0.7959][-0.5059,0.5692,0.6482][0.8297,0.3621,0][-0.6845,-0.69817,0.4692][-0.5806,-0.7219,0.3766][0.9125,0.3459,0][-0.50035,-0.69432,0.7959][-0.4815,-0.6315,0.6078][0.8531,0.3973,0][-0.26675,-0.51972,0.8654][-0.1898,0.6325,0.751][0.7882,0.3783,0][-0.50035,-0.51972,0.7959][-0.5059,0.5692,0.6482][0.8297,0.3621,0][-0.50035,-0.69432,0.7959][-0.4815,-0.6315,0.6078][0.8531,0.3973,0][-0.26675,-0.51972,0.8654][-0.1898,0.6325,0.751][0.7882,0.3783,0][-0.50035,-0.69432,0.7959][-0.4815,-0.6315,0.6078][0.8531,0.3973,0][-0.26675,-0.69432,0.8654][-0.1808,-0.6994,0.6915][0.8052,0.4203,0][-0.0613,-0.51972,0.90965][-0.0079,0.6063,0.7952][0.752,0.3919,0][-0.26675,-0.51972,0.8654][-0.1898,0.6325,0.751][0.7882,0.3783,0][-0.26675,-0.69432,0.8654][-0.1808,-0.6994,0.6915][0.8052,0.4203,0][-0.0613,-0.51972,0.90965][-0.0079,0.6063,0.7952][0.752,0.3919,0][-0.26675,-0.69432,0.8654][-0.1808,-0.6994,0.6915][0.8052,0.4203,0][-0.0613,-0.69432,0.90965][-0.0079,-0.6624,0.7491][0.7622,0.4346,0][0.2089,-0.51972,0.8572][0.3872,0.577,0.7191][0.702,0.4001,0][-0.0613,-0.51972,0.90965][-0.0079,0.6063,0.7952][0.752,0.3919,0][-0.0613,-0.69432,0.90965][-0.0079,-0.6624,0.7491][0.7622,0.4346,0][0.2089,-0.51972,0.8572][0.3872,0.577,0.7191][0.702,0.4001,0][-0.0613,-0.69432,0.90965][-0.0079,-0.6624,0.7491][0.7622,0.4346,0][0.2089,-0.69432,0.8572][0.3698,-0.6451,0.6687][0.7034,0.4428,0][0.43465,-0.51972,0.61125][0.5981,0.5745,0.5588][0.6378,0.3906,0][0.2089,-0.51972,0.8572][0.3872,0.577,0.7191][0.702,0.4001,0][0.2089,-0.69432,0.8572][0.3698,-0.6451,0.6687][0.7034,0.4428,0][0.43465,-0.51972,0.61125][0.5981,0.5745,0.5588][0.6378,0.3906,0][0.2089,-0.69432,0.8572][0.3698,-0.6451,0.6687][0.7034,0.4428,0][0.43465,-0.69432,0.61125][0.5131,-0.7105,0.4815][0.6352,0.4359,0][0.59665,-0.51972,0.4405][0.696,0.5457,0.4666][0.5911,0.3897,0][0.43465,-0.51972,0.61125][0.5981,0.5745,0.5588][0.6378,0.3906,0][0.43465,-0.69432,0.61125][0.5131,-0.7105,0.4815][0.6352,0.4359,0][0.59665,-0.51972,0.4405][0.696,0.5457,0.4666][0.5911,0.3897,0][0.43465,-0.69432,0.61125][0.5131,-0.7105,0.4815][0.6352,0.4359,0][0.59665,-0.69432,0.4405][0.6164,-0.6718,0.4109][0.5897,0.4337,0][0.73455,-0.51972,0.1357][0.8183,0.5429,0.1889][0.525,0.3879,0][0.59665,-0.51972,0.4405][0.696,0.5457,0.4666][0.5911,0.3897,0][0.59665,-0.69432,0.4405][0.6164,-0.6718,0.4109][0.5897,0.4337,0][0.73455,-0.51972,0.1357][0.8183,0.5429,0.1889][0.525,0.3879,0][0.59665,-0.69432,0.4405][0.6164,-0.6718,0.4109][0.5897,0.4337,0][0.73455,-0.69432,0.1357][0.7234,-0.6684,0.173][0.5239,0.4319,0][0.74015,-0.51972,0][0.8221,0.5693,-0][0.4988,0.3867,0][0.73455,-0.51972,0.1357][0.8183,0.5429,0.1889][0.525,0.3879,0][0.73455,-0.69432,0.1357][0.7234,-0.6684,0.173][0.5239,0.4319,0][0.74015,-0.51972,0][0.8221,0.5693,-0][0.4988,0.3867,0][0.73455,-0.69432,0.1357][0.7234,-0.6684,0.173][0.5239,0.4319,0][0.74015,-0.69432,0][0.7149,-0.6992,-0][0.4987,0.4313,0][-0.85755,-0.52357,0.1211][-0.8255,0.5503,0.1258][0.9401,0.2602,0][-0.86,-0.52357,0][-0.8185,0.5745,-0][0.9552,0.2417,0][-0.86,-0.69817,0][-0.711,-0.7032,0.0001][0.9885,0.272,0][-0.85755,-0.52357,0.1211][-0.8255,0.5503,0.1258][0.9401,0.2602,0][-0.86,-0.69817,0][-0.711,-0.7032,0.0001][0.9885,0.272,0][-0.85755,-0.69817,0.1211][-0.7254,-0.6781,0.1182][0.9718,0.2906,0][-0.69595,-0.47997,0.24905][-0.8986,-0.134,0.4177][0.8985,0.2683,0][-0.73825,-0.47997,0.10405][-0.9876,-0.1027,0.1184][0.9214,0.245,0][-0.85755,-0.52357,0.1211][-0.8255,0.5503,0.1258][0.9401,0.2602,0][-0.69595,-0.47997,0.24905][-0.8986,-0.134,0.4177][0.8985,0.2683,0][-0.85755,-0.52357,0.1211][-0.8255,0.5503,0.1258][0.9401,0.2602,0][-0.80335,-0.52357,0.3023][-0.7479,0.5511,0.37][0.9141,0.2862,0][-0.73825,-0.69817,0.10405][-0.0001,-1,-0][0.8131,0.2715,0][-0.69595,-0.69817,0.24905][0.0001,-1,-0.0001][0.8286,0.2663,0][-0.80335,-0.69817,0.3023][-0.6649,-0.6727,0.3245][0.8347,0.2776,0][-0.73825,-0.69817,0.10405][-0.0001,-1,-0][0.8131,0.2715,0][-0.80335,-0.69817,0.3023][-0.6649,-0.6727,0.3245][0.8347,0.2776,0][-0.85755,-0.69817,0.1211][-0.7254,-0.678,0.1183][0.8154,0.2842,0][-0.5888,-0.47997,0.39405][-0.5427,0.464,0.7001][0.8675,0.2906,0][-0.69595,-0.47997,0.24905][-0.8986,-0.134,0.4177][0.8985,0.2683,0][-0.80335,-0.52357,0.3023][-0.7479,0.5511,0.37][0.9141,0.2862,0][-0.5888,-0.47997,0.39405][-0.5427,0.464,0.7001][0.8675,0.2906,0][-0.80335,-0.52357,0.3023][-0.7479,0.5511,0.37][0.9141,0.2862,0][-0.6845,-0.52357,0.4692][-0.6766,0.59,0.4405][0.8825,0.3117,0][-0.69595,-0.69817,0.24905][0.0001,-1,-0.0001][0.8286,0.2663,0][-0.5888,-0.69817,0.39405][0.0079,-0.9999,0.0079][0.8438,0.2542,0][-0.6845,-0.69817,0.4692][-0.5806,-0.7218,0.3766][0.8523,0.2641,0][-0.69595,-0.69817,0.24905][0.0001,-1,-0.0001][0.8286,0.2663,0][-0.6845,-0.69817,0.4692][-0.5806,-0.7218,0.3766][0.8523,0.2641,0][-0.80335,-0.69817,0.3023][-0.6649,-0.6727,0.3245][0.8347,0.2776,0][-0.4391,-0.47612,0.57365][-0.7458,0.4632,0.4789][0.8242,0.3177,0][-0.5888,-0.47997,0.39405][-0.5427,0.464,0.7001][0.8675,0.2906,0][-0.6845,-0.52357,0.4692][-0.6766,0.59,0.4405][0.8825,0.3117,0][-0.4391,-0.47612,0.57365][-0.7458,0.4632,0.4789][0.8242,0.3177,0][-0.6845,-0.52357,0.4692][-0.6766,0.59,0.4405][0.8825,0.3117,0][-0.50035,-0.51972,0.7959][-0.5059,0.5692,0.6482][0.8297,0.3621,0][-0.5888,-0.69817,0.39405][0.0079,-0.9999,0.0079][0.8438,0.2542,0][-0.4391,-0.69432,0.57365][0.0079,-1,-0][0.8625,0.2372,0][-0.50035,-0.69432,0.7959][-0.4815,-0.6314,0.6079][0.8866,0.2428,0][-0.5888,-0.69817,0.39405][0.0079,-0.9999,0.0079][0.8438,0.2542,0][-0.50035,-0.69432,0.7959][-0.4815,-0.6314,0.6079][0.8866,0.2428,0][-0.6845,-0.69817,0.4692][-0.5806,-0.7218,0.3766][0.8523,0.2641,0][-0.23775,-0.47612,0.62295][-0.2442,0.0394,0.9689][0.7775,0.3291,0][-0.4391,-0.47612,0.57365][-0.7458,0.4632,0.4789][0.8242,0.3177,0][-0.50035,-0.51972,0.7959][-0.5059,0.5692,0.6482][0.8297,0.3621,0][-0.23775,-0.47612,0.62295][-0.2442,0.0394,0.9689][0.7775,0.3291,0][-0.50035,-0.51972,0.7959][-0.5059,0.5692,0.6482][0.8297,0.3621,0][-0.26675,-0.51972,0.8654][-0.1898,0.6325,0.751][0.7882,0.3783,0][-0.4391,-0.69432,0.57365][0.0079,-1,-0][0.8625,0.2372,0][-0.23775,-0.69432,0.62295][-0,-1,-0][0.8671,0.2153,0][-0.26675,-0.69432,0.8654][-0.1807,-0.6994,0.6915][0.8932,0.2174,0][-0.4391,-0.69432,0.57365][0.0079,-1,-0][0.8625,0.2372,0][-0.26675,-0.69432,0.8654][-0.1807,-0.6994,0.6915][0.8932,0.2174,0][-0.50035,-0.69432,0.7959][-0.4815,-0.6314,0.6079][0.8866,0.2428,0][-0.05915,-0.47612,0.66675][-0.0157,0.0472,0.9988][0.738,0.3451,0][-0.23775,-0.47612,0.62295][-0.2442,0.0394,0.9689][0.7775,0.3291,0][-0.26675,-0.51972,0.8654][-0.1898,0.6325,0.751][0.7882,0.3783,0][-0.05915,-0.47612,0.66675][-0.0157,0.0472,0.9988][0.738,0.3451,0][-0.26675,-0.51972,0.8654][-0.1898,0.6325,0.751][0.7882,0.3783,0][-0.0613,-0.51972,0.90965][-0.0079,0.6063,0.7952][0.752,0.3919,0][-0.23775,-0.69432,0.62295][-0,-1,-0][0.8671,0.2153,0][-0.05915,-0.69432,0.66675][-0,-1,-0][0.8711,0.1957,0][-0.0613,-0.69432,0.90965][-0.0079,-0.6624,0.7491][0.8972,0.195,0][-0.23775,-0.69432,0.62295][-0,-1,-0][0.8671,0.2153,0][-0.0613,-0.69432,0.90965][-0.0079,-0.6624,0.7491][0.8972,0.195,0][-0.26675,-0.69432,0.8654][-0.1807,-0.6994,0.6915][0.8932,0.2174,0][0.16775,-0.47612,0.6198][0.6236,0.4815,0.6158][0.685,0.3559,0][-0.05915,-0.47612,0.66675][-0.0157,0.0472,0.9988][0.738,0.3451,0][-0.0613,-0.51972,0.90965][-0.0079,0.6063,0.7952][0.752,0.3919,0][0.16775,-0.47612,0.6198][0.6236,0.4815,0.6158][0.685,0.3559,0][-0.0613,-0.51972,0.90965][-0.0079,0.6063,0.7952][0.752,0.3919,0][0.2089,-0.51972,0.8572][0.3872,0.577,0.7191][0.702,0.4001,0][-0.05915,-0.69432,0.66675][-0,-1,-0][0.8711,0.1957,0][0.16775,-0.69432,0.6198][-0,-1,-0][0.8651,0.1714,0][0.2089,-0.69432,0.8572][0.3698,-0.6451,0.6687][0.8904,0.1661,0][-0.05915,-0.69432,0.66675][-0,-1,-0][0.8711,0.1957,0][0.2089,-0.69432,0.8572][0.3698,-0.6451,0.6687][0.8904,0.1661,0][-0.0613,-0.69432,0.90965][-0.0079,-0.6624,0.7491][0.8972,0.195,0][0.36175,-0.47612,0.5157][0.4984,0.617,0.6091][0.6355,0.3652,0][0.16775,-0.47612,0.6198][0.6236,0.4815,0.6158][0.685,0.3559,0][0.2089,-0.51972,0.8572][0.3872,0.577,0.7191][0.702,0.4001,0][0.36175,-0.47612,0.5157][0.4984,0.617,0.6091][0.6355,0.3652,0][0.2089,-0.51972,0.8572][0.3872,0.577,0.7191][0.702,0.4001,0][0.43465,-0.51972,0.61125][0.5981,0.5745,0.5588][0.6378,0.3906,0][0.16775,-0.69432,0.6198][-0,-1,-0][0.8651,0.1714,0][0.36175,-0.69432,0.5157][-0,-1,-0][0.8532,0.1508,0][0.43465,-0.69432,0.61125][0.5131,-0.7105,0.4816][0.8631,0.1427,0][0.16775,-0.69432,0.6198][-0,-1,-0][0.8651,0.1714,0][0.43465,-0.69432,0.61125][0.5131,-0.7105,0.4816][0.8631,0.1427,0][0.2089,-0.69432,0.8572][0.3698,-0.6451,0.6687][0.8904,0.1661,0][0.4972,-0.47612,0.3731][0.6593,0.6043,0.4474][0.5911,0.3658,0][0.36175,-0.47612,0.5157][0.4984,0.617,0.6091][0.6355,0.3652,0][0.43465,-0.51972,0.61125][0.5981,0.5745,0.5588][0.6378,0.3906,0][0.4972,-0.47612,0.3731][0.6593,0.6043,0.4474][0.5911,0.3658,0][0.43465,-0.51972,0.61125][0.5981,0.5745,0.5588][0.6378,0.3906,0][0.59665,-0.51972,0.4405][0.696,0.5457,0.4666][0.5911,0.3897,0][0.36175,-0.69432,0.5157][-0,-1,-0][0.8532,0.1508,0][0.4972,-0.69432,0.3731][-0,-1,-0][0.8372,0.1367,0][0.59665,-0.69432,0.4405][0.6164,-0.6717,0.411][0.8441,0.1258,0][0.36175,-0.69432,0.5157][-0,-1,-0][0.8532,0.1508,0][0.59665,-0.69432,0.4405][0.6164,-0.6717,0.411][0.8441,0.1258,0][0.43465,-0.69432,0.61125][0.5131,-0.7105,0.4816][0.8631,0.1427,0][0.61835,-0.47612,0.1102][0.7717,0.6141,0.1654][0.5266,0.3644,0][0.4972,-0.47612,0.3731][0.6593,0.6043,0.4474][0.5911,0.3658,0][0.59665,-0.51972,0.4405][0.696,0.5457,0.4666][0.5911,0.3897,0][0.61835,-0.47612,0.1102][0.7717,0.6141,0.1654][0.5266,0.3644,0][0.59665,-0.51972,0.4405][0.696,0.5457,0.4666][0.5911,0.3897,0][0.73455,-0.51972,0.1357][0.8183,0.5429,0.1889][0.525,0.3879,0][0.4972,-0.69432,0.3731][-0,-1,-0][0.8372,0.1367,0][0.61835,-0.69432,0.1102][-0,-1,-0][0.8084,0.1246,0][0.73455,-0.69432,0.1357][0.7235,-0.6683,0.173][0.8107,0.1121,0][0.4972,-0.69432,0.3731][-0,-1,-0][0.8372,0.1367,0][0.73455,-0.69432,0.1357][0.7235,-0.6683,0.173][0.8107,0.1121,0][0.59665,-0.69432,0.4405][0.6164,-0.6717,0.411][0.8441,0.1258,0][0.61835,-0.47612,0][0.8185,0.5745,-0][0.4989,0.3618,0][0.61835,-0.47612,0.1102][0.7717,0.6141,0.1654][0.5266,0.3644,0][0.73455,-0.51972,0.1357][0.8183,0.5429,0.1889][0.525,0.3879,0][0.61835,-0.47612,0][0.8185,0.5745,-0][0.4989,0.3618,0][0.73455,-0.51972,0.1357][0.8183,0.5429,0.1889][0.525,0.3879,0][0.74015,-0.51972,0][0.8221,0.5693,-0][0.4988,0.3867,0][0.61835,-0.69432,0.1102][-0,-1,-0][0.8084,0.1246,0][0.5966,-0.69432,0][-0.6541,-0.7564,-0][0.7965,0.1273,0][0.74015,-0.69432,0][0.7149,-0.6992,-0][0.796,0.112,0][0.61835,-0.69432,0.1102][-0,-1,-0][0.8084,0.1246,0][0.74015,-0.69432,0][0.7149,-0.6992,-0][0.796,0.112,0][0.73455,-0.69432,0.1357][0.7235,-0.6683,0.173][0.8107,0.1121,0][-0.73825,-0.47997,0.10405][-0.9876,-0.1027,0.1184][0.9214,0.245,0][-0.73825,-0.47997,0][-0.9963,-0.0863,-0][0.9342,0.2272,0][-0.86,-0.52357,0][-0.8185,0.5745,-0][0.9552,0.2417,0][-0.73825,-0.47997,0.10405][-0.9876,-0.1027,0.1184][0.9214,0.245,0][-0.86,-0.52357,0][-0.8185,0.5745,-0][0.9552,0.2417,0][-0.85755,-0.52357,0.1211][-0.8255,0.5503,0.1258][0.9401,0.2602,0][-0.73825,-0.69817,0][-0,-1,-0][0.8017,0.272,0][-0.73825,-0.69817,0.10405][-0.0001,-1,-0][0.8131,0.2715,0][-0.85755,-0.69817,0.1211][-0.7254,-0.678,0.1183][0.8154,0.2842,0][-0.73825,-0.69817,0][-0,-1,-0][0.8017,0.272,0][-0.85755,-0.69817,0.1211][-0.7254,-0.678,0.1183][0.8154,0.2842,0][-0.86,-0.69817,0][-0.7111,-0.7031,-0][0.8022,0.285,0][0.16775,0.11348,0.6198][0.6054,0.2751,0.7469][0.6949,0.4778,0][-0.05915,0.19903,0.66675][0.1023,0.5981,0.7949][0.7258,0.5493,0][-0.06665,0.15298,0.8423][0.0785,0.6044,0.7928][0.6861,0.5581,0][0.16775,0.11348,0.6198][0.6054,0.2751,0.7469][0.6949,0.4778,0][-0.06665,0.15298,0.8423][0.0785,0.6044,0.7928][0.6861,0.5581,0][0.1524,0.06743,0.7956][0.6453,0.4328,0.6295][0.6658,0.5081,0][-0.05915,-0.47612,0.66675][-0.0157,0.0472,0.9988][0.5068,0.5508,0][0.16775,-0.47612,0.6198][0.6237,0.4816,0.6157][0.5226,0.4794,0][0.1524,-0.43007,0.7956][0.5505,-0.5662,0.6134][0.5526,0.5069,0][-0.05915,-0.47612,0.66675][-0.0157,0.0472,0.9988][0.5068,0.5508,0][0.1524,-0.43007,0.7956][0.5505,-0.5662,0.6134][0.5526,0.5069,0][-0.06665,-0.43007,0.8423][-0.0236,-0.5744,0.8182][0.5488,0.5572,0][0.22585,-0.19327,0.6198][0.8495,-0.0236,0.527][0.6056,0.4519,0][0.16775,0.11348,0.6198][0.6054,0.2751,0.7469][0.6949,0.4778,0][0.1524,0.06743,0.7956][0.6453,0.4328,0.6295][0.6658,0.5081,0][0.22585,-0.19327,0.6198][0.8495,-0.0236,0.527][0.6056,0.4519,0][0.1524,0.06743,0.7956][0.6453,0.4328,0.6295][0.6658,0.5081,0][0.20755,-0.19142,0.7956][0.7637,0.0079,0.6456][0.6064,0.4927,0][-0.23775,0.19903,0.62295][-0.3147,0.5192,0.7946][0.7289,0.6109,0][-0.4391,0.11348,0.57365][-0.7675,0.2611,0.5855][0.6947,0.672,0][-0.4256,0.06743,0.74905][-0.6789,0.4342,0.5921][0.6672,0.6394,0][-0.23775,0.19903,0.62295][-0.3147,0.5192,0.7946][0.7289,0.6109,0][-0.4256,0.06743,0.74905][-0.6789,0.4342,0.5921][0.6672,0.6394,0][-0.24155,0.15298,0.79835][-0.2993,0.63,0.7166][0.6884,0.5963,0][-0.4391,0.11348,0.57365][-0.7675,0.2611,0.5855][0.6947,0.672,0][-0.49715,-0.19327,0.57365][-0.9515,0.0236,0.3067][0.6063,0.6957,0][-0.4811,-0.19142,0.74905][-0.7777,-0.0157,0.6284][0.6067,0.6548,0][-0.4391,0.11348,0.57365][-0.7675,0.2611,0.5855][0.6947,0.672,0][-0.4811,-0.19142,0.74905][-0.7777,-0.0157,0.6284][0.6067,0.6548,0][-0.4256,0.06743,0.74905][-0.6789,0.4342,0.5921][0.6672,0.6394,0][-0.4391,-0.47612,0.57365][-0.7458,0.4631,0.4789][0.5238,0.6717,0][-0.23775,-0.47612,0.62295][-0.2442,0.0394,0.9689][0.5036,0.6103,0][-0.24155,-0.43007,0.79835][-0.1967,-0.6058,0.771][0.5464,0.5979,0][-0.4391,-0.47612,0.57365][-0.7458,0.4631,0.4789][0.5238,0.6717,0][-0.24155,-0.43007,0.79835][-0.1967,-0.6058,0.771][0.5464,0.5979,0][-0.4256,-0.43007,0.74905][-0.5611,-0.5611,0.6085][0.5519,0.6413,0][-0.05915,0.19903,0.66675][0.1023,0.5981,0.7949][0.7258,0.5493,0][-0.23775,0.19903,0.62295][-0.3147,0.5192,0.7946][0.7289,0.6109,0][-0.24155,0.15298,0.79835][-0.2993,0.63,0.7166][0.6884,0.5963,0][-0.05915,0.19903,0.66675][0.1023,0.5981,0.7949][0.7258,0.5493,0][-0.24155,0.15298,0.79835][-0.2993,0.63,0.7166][0.6884,0.5963,0][-0.06665,0.15298,0.8423][0.0785,0.6044,0.7928][0.6861,0.5581,0][-0.23775,-0.47612,0.62295][-0.2442,0.0394,0.9689][0.5036,0.6103,0][-0.05915,-0.47612,0.66675][-0.0157,0.0472,0.9988][0.5068,0.5508,0][-0.06665,-0.43007,0.8423][-0.0236,-0.5744,0.8182][0.5488,0.5572,0][-0.23775,-0.47612,0.62295][-0.2442,0.0394,0.9689][0.5036,0.6103,0][-0.06665,-0.43007,0.8423][-0.0236,-0.5744,0.8182][0.5488,0.5572,0][-0.24155,-0.43007,0.79835][-0.1967,-0.6058,0.771][0.5464,0.5979,0][-0.24155,-0.19142,0.79835][-0.2278,-0.0078,0.9737][0.6047,0.5982,0][-0.4811,-0.19142,0.74905][-0.7777,-0.0157,0.6284][0.6067,0.6548,0][-0.4256,-0.43007,0.74905][-0.5611,-0.5611,0.6085][0.5519,0.6413,0][-0.24155,-0.19142,0.79835][-0.2278,-0.0078,0.9737][0.6047,0.5982,0][-0.4256,-0.43007,0.74905][-0.5611,-0.5611,0.6085][0.5519,0.6413,0][-0.24155,-0.43007,0.79835][-0.1967,-0.6058,0.771][0.5464,0.5979,0][-0.06665,-0.19142,0.8423][-0.0315,0.0079,0.9995][0.6047,0.558,0][-0.24155,-0.19142,0.79835][-0.2278,-0.0078,0.9737][0.6047,0.5982,0][-0.24155,-0.43007,0.79835][-0.1967,-0.6058,0.771][0.5464,0.5979,0][-0.06665,-0.19142,0.8423][-0.0315,0.0079,0.9995][0.6047,0.558,0][-0.24155,-0.43007,0.79835][-0.1967,-0.6058,0.771][0.5464,0.5979,0][-0.06665,-0.43007,0.8423][-0.0236,-0.5744,0.8182][0.5488,0.5572,0][0.20755,-0.19142,0.7956][0.7637,0.0079,0.6456][0.6064,0.4927,0][-0.06665,-0.19142,0.8423][-0.0315,0.0079,0.9995][0.6047,0.558,0][-0.06665,-0.43007,0.8423][-0.0236,-0.5744,0.8182][0.5488,0.5572,0][0.20755,-0.19142,0.7956][0.7637,0.0079,0.6456][0.6064,0.4927,0][-0.06665,-0.43007,0.8423][-0.0236,-0.5744,0.8182][0.5488,0.5572,0][0.1524,-0.43007,0.7956][0.5505,-0.5662,0.6134][0.5526,0.5069,0][0.16775,-0.47612,0.6198][0.6237,0.4816,0.6157][0.5226,0.4794,0][0.22585,-0.19327,0.6198][0.8495,-0.0236,0.527][0.6056,0.4519,0][0.20755,-0.19142,0.7956][0.7637,0.0079,0.6456][0.6064,0.4927,0][0.16775,-0.47612,0.6198][0.6237,0.4816,0.6157][0.5226,0.4794,0][0.20755,-0.19142,0.7956][0.7637,0.0079,0.6456][0.6064,0.4927,0][0.1524,-0.43007,0.7956][0.5505,-0.5662,0.6134][0.5526,0.5069,0][0.36175,-0.19327,0.5157][0.6539,-0.0157,0.7564][0.3468,0.7985,0][0.22585,-0.19327,0.6198][0.8495,-0.0236,0.5271][0.2971,0.7951,0][0.16775,-0.47612,0.6198][0.6237,0.4816,0.6157][0.2897,0.7096,0][0.36175,-0.19327,0.5157][0.6539,-0.0157,0.7564][0.3468,0.7985,0][0.16775,-0.47612,0.6198][0.6237,0.4816,0.6157][0.2897,0.7096,0][0.36175,-0.47612,0.5157][0.4983,0.617,0.6091][0.3468,0.7096,0][0.4972,-0.19327,0.3731][0.7232,-0.1415,0.676][0.3918,0.7948,0][0.36175,-0.19327,0.5157][0.6539,-0.0157,0.7564][0.3468,0.7985,0][0.36175,-0.47612,0.5157][0.4983,0.617,0.6091][0.3468,0.7096,0][0.4972,-0.19327,0.3731][0.7232,-0.1415,0.676][0.3918,0.7948,0][0.36175,-0.47612,0.5157][0.4983,0.617,0.6091][0.3468,0.7096,0][0.4972,-0.47612,0.3731][0.6592,0.6044,0.4474][0.3918,0.7096,0][0.61835,-0.19327,0.1102][0.8489,-0.4874,0.2044][0.4783,0.7948,0][0.4972,-0.19327,0.3731][0.7232,-0.1415,0.676][0.3918,0.7948,0][0.4972,-0.47612,0.3731][0.6592,0.6044,0.4474][0.3918,0.7096,0][0.61835,-0.19327,0.1102][0.8489,-0.4874,0.2044][0.4783,0.7948,0][0.4972,-0.47612,0.3731][0.6592,0.6044,0.4474][0.3918,0.7096,0][0.61835,-0.47612,0.1102][0.7716,0.6142,0.1654][0.4775,0.7096,0][0.61835,-0.19327,-0][0.8782,-0.4783,-0][0.5116,0.7948,0][0.61835,-0.19327,0.1102][0.8489,-0.4874,0.2044][0.4783,0.7948,0][0.61835,-0.47612,0.1102][0.7716,0.6142,0.1654][0.4775,0.7096,0][0.61835,-0.19327,-0][0.8782,-0.4783,-0][0.5116,0.7948,0][0.61835,-0.47612,0.1102][0.7716,0.6142,0.1654][0.4775,0.7096,0][0.61835,-0.47612,0][0.8185,0.5745,-0][0.5122,0.7096,0][-0.82768,-0.22312,0.15215][-0.9989,-0,0.0472][0.8877,0.5347,0][-0.82878,-0.22312,0][-1,0.0001,-0][0.8587,0.5347,0][-0.82878,-0.46417,0][-0.7675,-0.641,-0][0.8586,0.49261,0][-0.82768,-0.22312,0.15215][-0.9989,-0,0.0472][0.8877,0.5347,0][-0.82878,-0.46417,0][-0.7675,-0.641,-0][0.8586,0.49261,0][-0.82658,-0.46417,0.1519][-0.7702,-0.6366,0.0393][0.8862,0.492658,0][-0.82045,-0.22312,0.24195][-0.9947,-0.0079,0.1026][0.9121,0.5345,0][-0.82768,-0.22312,0.15215][-0.9989,-0,0.0472][0.8877,0.5347,0][-0.82658,-0.46417,0.1519][-0.7702,-0.6366,0.0393][0.8862,0.492658,0][-0.82045,-0.22312,0.24195][-0.9947,-0.0079,0.1026][0.9121,0.5345,0][-0.82658,-0.46417,0.1519][-0.7702,-0.6366,0.0393][0.8862,0.492658,0][-0.8189,-0.46417,0.2412][-0.7507,-0.6559,0.079][0.9093,0.492558,0][-0.80415,-0.22312,0.37075][-0.6992,-0,0.7149][0.9372,0.5346,0][-0.82045,-0.22312,0.24195][-0.9947,-0.0079,0.1026][0.9121,0.5345,0][-0.8189,-0.46417,0.2412][-0.7507,-0.6559,0.079][0.9093,0.492558,0][-0.80415,-0.22312,0.37075][-0.6992,-0,0.7149][0.9372,0.5346,0][-0.8189,-0.46417,0.2412][-0.7507,-0.6559,0.079][0.9093,0.492558,0][-0.80415,-0.46417,0.37075][-0.598,-0.5508,0.5823][0.9306,0.492694,0][-0.49715,-0.19327,0.57365][-0.9515,0.0236,0.3067][0.073,0.7983,0][-0.5888,-0.19712,0.39405][-0.5508,0.0315,0.834][0.0168,0.7992,0][-0.5888,-0.47997,0.39405][-0.5427,0.4641,0.7001][0.0168,0.7096,0][-0.49715,-0.19327,0.57365][-0.9515,0.0236,0.3067][0.073,0.7983,0][-0.5888,-0.47997,0.39405][-0.5427,0.4641,0.7001][0.0168,0.7096,0][-0.4391,-0.47612,0.57365][-0.7457,0.4632,0.4789][0.064,0.7096,0][-0.4811,-0.19142,0.74905][-0.7777,-0.0157,0.6284][0.6067,0.6548,0][-0.49715,-0.19327,0.57365][-0.9515,0.0236,0.3067][0.6063,0.6957,0][-0.4391,-0.47612,0.57365][-0.7458,0.4631,0.4789][0.5238,0.6717,0][-0.4811,-0.19142,0.74905][-0.7777,-0.0157,0.6284][0.6067,0.6548,0][-0.4391,-0.47612,0.57365][-0.7458,0.4631,0.4789][0.5238,0.6717,0][-0.4256,-0.43007,0.74905][-0.5611,-0.5611,0.6085][0.5519,0.6413,0][0.48035,0.41608,0.3731][0.6941,0.4101,0.5916][0.3918,0.9833,0][0.4972,0.11348,0.3731][0.4969,0.0079,0.8677][0.3918,0.8844,0][0.71745,0.11293,0.32185][0.7417,0.0079,0.6706][0.4327,0.8882,0][0.48035,0.41608,0.3731][0.6941,0.4101,0.5916][0.3918,0.9833,0][0.71745,0.11293,0.32185][0.7417,0.0079,0.6706][0.4327,0.8882,0][0.71355,0.33358,0.32185][0.6919,0.4482,0.5661][0.4327,0.9493,0][0.5962,0.40478,0.1102][0.5853,0.8069,0.0791][0.4691,0.9833,0][0.48035,0.41608,0.3731][0.6941,0.4101,0.5916][0.3918,0.9833,0][0.71355,0.33358,0.32185][0.6919,0.4482,0.5661][0.4327,0.9493,0][0.5962,0.40478,0.1102][0.5853,0.8069,0.0791][0.4691,0.9833,0][0.71355,0.33358,0.32185][0.6919,0.4482,0.5661][0.4327,0.9493,0][0.74035,0.32538,0.0951][0.8617,0.5059,0.0396][0.4867,0.9493,0][0.5962,0.40478,-0][0.615,0.7885,-0][0.51,0.9833,0][0.5962,0.40478,0.1102][0.5853,0.8069,0.0791][0.4691,0.9833,0][0.74035,0.32538,0.0951][0.8617,0.5059,0.0396][0.4867,0.9493,0][0.5962,0.40478,-0][0.615,0.7885,-0][0.51,0.9833,0][0.74035,0.32538,0.0951][0.8617,0.5059,0.0396][0.4867,0.9493,0][0.74035,0.32538,-0][0.8554,0.518,-0][0.5104,0.9493,0][0.61835,-0.19327,0.1102][0.8489,-0.4874,0.2044][0.4783,0.7948,0][0.61835,-0.19327,-0][0.8782,-0.4783,-0][0.5116,0.7948,0][0.74545,-0.11077,-0][0.8782,-0.4783,-0][0.5113,0.8335,0][0.61835,-0.19327,0.1102][0.8489,-0.4874,0.2044][0.4783,0.7948,0][0.74545,-0.11077,-0][0.8782,-0.4783,-0][0.5113,0.8335,0][0.74545,-0.11077,0.0951][0.8737,-0.4801,0.0787][0.4867,0.8335,0][0.4972,0.11348,0.3731][0.4969,0.0079,0.8677][0.3918,0.8844,0][0.4972,-0.19327,0.3731][0.7232,-0.1415,0.676][0.3918,0.7948,0][0.71745,-0.11077,0.32185][0.6925,-0.4564,0.5587][0.4327,0.8335,0][0.4972,0.11348,0.3731][0.4969,0.0079,0.8677][0.3918,0.8844,0][0.71745,-0.11077,0.32185][0.6925,-0.4564,0.5587][0.4327,0.8335,0][0.71745,0.11293,0.32185][0.7417,0.0079,0.6706][0.4327,0.8882,0][0.4972,-0.19327,0.3731][0.7232,-0.1415,0.676][0.3918,0.7948,0][0.61835,-0.19327,0.1102][0.8489,-0.4874,0.2044][0.4783,0.7948,0][0.74545,-0.11077,0.0951][0.8737,-0.4801,0.0787][0.4867,0.8335,0][0.4972,-0.19327,0.3731][0.7232,-0.1415,0.676][0.3918,0.7948,0][0.74545,-0.11077,0.0951][0.8737,-0.4801,0.0787][0.4867,0.8335,0][0.71745,-0.11077,0.32185][0.6925,-0.4564,0.5587][0.4327,0.8335,0][-0.70595,0.42143,0.11225][-0.7005,0.7084,0.0866][0.8903,0.6845,0][-0.70635,0.42588,-0][-0.711,0.7032,-0][0.8589,0.6885,0][-0.826435,0.31918,0][-0.9082,0.4185,-0][0.8588,0.641015,0][-0.70595,0.42143,0.11225][-0.7005,0.7084,0.0866][0.8903,0.6845,0][-0.826435,0.31918,0][-0.9082,0.4185,-0][0.8588,0.641015,0][-0.824585,0.31438,0.1605][-0.8989,0.4336,0.0631][0.8881,0.641063,0][-0.5888,0.10963,0.39405][-0.4722,-0,0.8815][0.9798,0.6038,0][-0.5888,0.42143,0.39405][-0.6222,0.4647,0.6301][0.9652,0.6712,0][-0.8057,0.30563,0.3685][-0.6845,0.3934,0.6137][0.9314,0.641086,0][-0.5888,0.10963,0.39405][-0.4722,-0,0.8815][0.9798,0.6038,0][-0.8057,0.30563,0.3685][-0.6845,0.3934,0.6137][0.9314,0.641086,0][-0.80495,0.03913,0.3696][-0.7031,-0,0.7111][0.9377,0.5866,0][-0.5888,0.42143,0.39405][-0.6222,0.4647,0.6301][0.9652,0.6712,0][-0.6639,0.42143,0.2794][-0.6692,0.6693,0.3228][0.9318,0.677,0][-0.818,0.30948,0.2624][-0.8786,0.4628,0.1177][0.913,0.641008,0][-0.5888,0.42143,0.39405][-0.6222,0.4647,0.6301][0.9652,0.6712,0][-0.818,0.30948,0.2624][-0.8786,0.4628,0.1177][0.913,0.641008,0][-0.8057,0.30563,0.3685][-0.6845,0.3934,0.6137][0.9314,0.641086,0][-0.6639,0.42143,0.2794][-0.6692,0.6693,0.3228][0.9318,0.677,0][-0.70595,0.42143,0.11225][-0.7005,0.7084,0.0866][0.8903,0.6845,0][-0.824585,0.31438,0.1605][-0.8989,0.4336,0.0631][0.8881,0.641063,0][-0.6639,0.42143,0.2794][-0.6692,0.6693,0.3228][0.9318,0.677,0][-0.824585,0.31438,0.1605][-0.8989,0.4336,0.0631][0.8881,0.641063,0][-0.818,0.30948,0.2624][-0.8786,0.4628,0.1177][0.913,0.641008,0][-0.5888,-0.19712,0.39405][-0.5508,0.0314,0.8341][0.9808,0.5356,0][-0.5888,0.10963,0.39405][-0.4722,-0,0.8815][0.9798,0.6038,0][-0.80495,0.03913,0.3696][-0.7031,-0,0.7111][0.9377,0.5866,0][-0.5888,-0.19712,0.39405][-0.5508,0.0314,0.8341][0.9808,0.5356,0][-0.80495,0.03913,0.3696][-0.7031,-0,0.7111][0.9377,0.5866,0][-0.80415,-0.22312,0.37075][-0.6992,-0,0.7149][0.9372,0.5346,0][-0.73825,-0.47997,0][-0.9963,-0.0863,-0][0.8586,0.4506,0][-0.73825,-0.47997,0.10405][-0.9876,-0.1027,0.1185][0.8879,0.4543,0][-0.82658,-0.46417,0.1519][-0.7702,-0.6366,0.0393][0.8862,0.492658,0][-0.73825,-0.47997,0][-0.9963,-0.0863,-0][0.8586,0.4506,0][-0.82658,-0.46417,0.1519][-0.7702,-0.6366,0.0393][0.8862,0.492658,0][-0.82878,-0.46417,0][-0.7675,-0.641,-0][0.8586,0.49261,0][-0.73825,-0.47997,0.10405][-0.9876,-0.1027,0.1185][0.8879,0.4543,0][-0.69595,-0.47997,0.24905][-0.8986,-0.134,0.4178][0.9251,0.4624,0][-0.8189,-0.46417,0.2412][-0.7507,-0.6559,0.079][0.9093,0.492558,0][-0.73825,-0.47997,0.10405][-0.9876,-0.1027,0.1185][0.8879,0.4543,0][-0.8189,-0.46417,0.2412][-0.7507,-0.6559,0.079][0.9093,0.492558,0][-0.82658,-0.46417,0.1519][-0.7702,-0.6366,0.0393][0.8862,0.492658,0][-0.69595,-0.47997,0.24905][-0.8986,-0.134,0.4178][0.9251,0.4624,0][-0.5888,-0.47997,0.39405][-0.5427,0.464,0.7001][0.9666,0.4725,0][-0.80415,-0.46417,0.37075][-0.598,-0.5508,0.5823][0.9306,0.492694,0][-0.69595,-0.47997,0.24905][-0.8986,-0.134,0.4178][0.9251,0.4624,0][-0.80415,-0.46417,0.37075][-0.598,-0.5508,0.5823][0.9306,0.492694,0][-0.8189,-0.46417,0.2412][-0.7507,-0.6559,0.079][0.9093,0.492558,0][-0.5888,-0.47997,0.39405][-0.5427,0.464,0.7001][0.9666,0.4725,0][-0.5888,-0.19712,0.39405][-0.5508,0.0314,0.8341][0.9808,0.5356,0][-0.80415,-0.22312,0.37075][-0.6992,-0,0.7149][0.9372,0.5346,0][-0.5888,-0.47997,0.39405][-0.5427,0.464,0.7001][0.9666,0.4725,0][-0.80415,-0.22312,0.37075][-0.6992,-0,0.7149][0.9372,0.5346,0][-0.80415,-0.46417,0.37075][-0.598,-0.5508,0.5823][0.9306,0.492694,0][-0.82868,0.04403,0][-1,0.0079,-0][0.8588,0.5871,0][-0.826435,0.31918,0][-0.9082,0.4185,-0][0.8588,0.641015,0][-0.824585,0.31438,-0.1605][-0.8989,0.4336,-0.0631][0.8296,0.641061,0][-0.82868,0.04403,0][-1,0.0079,-0][0.8588,0.5871,0][-0.824585,0.31438,-0.1605][-0.8989,0.4336,-0.0631][0.8296,0.641061,0][-0.82763,0.04353,-0.15115][-0.9992,0.0079,-0.0393][0.8298,0.5871,0][-0.3514,0.43068,-0][0.2203,-0.9754,-0][0.1911,0.2242,0][-0.45935,0.38968,-0][0.425,-0.9052,-0][0.1915,0.2354,0][-0.44415,0.38968,-0.2492][0.6073,-0.7256,0.3234][0.1654,0.2334,0][-0.3514,0.43068,-0][0.2203,-0.9754,-0][0.1911,0.2242,0][-0.44415,0.38968,-0.2492][0.6073,-0.7256,0.3234][0.1654,0.2334,0][-0.34495,0.41673,-0.33525][0.4417,-0.7809,0.4417][0.1563,0.2234,0][-0.5888,0.10963,-0.39405][-0.4723,-0,-0.8815][0.9796,0.8641,0][-0.5888,0.42143,-0.39405][-0.6222,0.4647,-0.63][0.9796,0.9833,0][-0.4391,0.42588,-0.57365][-0.4804,0.3859,-0.7876][0.9182,0.9833,0][-0.5888,0.10963,-0.39405][-0.4723,-0,-0.8815][0.9796,0.8641,0][-0.4391,0.42588,-0.57365][-0.4804,0.3859,-0.7876][0.9182,0.9833,0][-0.4391,0.11348,-0.57365][-0.7675,0.261,-0.5855][0.9182,0.8662,0][0.2499,0.42933,-0][-0.1104,-0.9939,-0][0.1889,0.165,0][0.12125,0.43318,-0][-0.0236,-0.9997,-0][0.1893,0.1778,0][0.1544,0.43348,-0.40725][-0.1891,-0.7721,0.6067][0.1475,0.1768,0][0.2499,0.42933,-0][-0.1104,-0.9939,-0][0.1889,0.165,0][0.1544,0.43348,-0.40725][-0.1891,-0.7721,0.6067][0.1475,0.1768,0][0.27925,0.42933,-0.3486][-0.3544,-0.7876,0.5041][0.153,0.1655,0][0.16775,0.42588,-0.6198][0.3062,0.4004,-0.8637][0.747,0.9833,0][0.36175,0.42588,-0.5157][0.5668,0.3621,-0.74][0.6772,0.9833,0][0.36175,0.11348,-0.5157][0.6149,0.0158,-0.7884][0.6772,0.8828,0][0.16775,0.42588,-0.6198][0.3062,0.4004,-0.8637][0.747,0.9833,0][0.36175,0.11348,-0.5157][0.6149,0.0158,-0.7884][0.6772,0.8828,0][0.16775,0.11348,-0.6198][0.6054,0.2752,-0.7469][0.747,0.8779,0][-0.0401,0.43523,-0][-0.0157,-0.9999,-0][0.1899,0.1936,0][-0.2371,0.44103,-0][0.0471,-0.9989,-0][0.1907,0.2131,0][-0.2243,0.43983,-0.40295][0.2357,-0.8013,0.5499][0.1492,0.2121,0][-0.0401,0.43523,-0][-0.0157,-0.9999,-0][0.1899,0.1936,0][-0.2243,0.43983,-0.40295][0.2357,-0.8013,0.5499][0.1492,0.2121,0][-0.01125,0.43663,-0.43085][-0.0472,-0.7944,0.6056][0.1451,0.192,0][-0.23775,0.42588,-0.62295][-0.2047,0.4251,-0.8817][0.864,0.9833,0][-0.05915,0.42588,-0.66675][-0.0237,0.4184,-0.9079][0.8154,0.9833,0][-0.05915,0.19903,-0.66675][0.1023,0.5981,-0.7948][0.8108,0.8952,0][-0.23775,0.42588,-0.62295][-0.2047,0.4251,-0.8817][0.864,0.9833,0][-0.05915,0.19903,-0.66675][0.1023,0.5981,-0.7948][0.8108,0.8952,0][-0.23775,0.19903,-0.62295][-0.3147,0.5193,-0.7946][0.8606,0.8915,0][0.43115,0.34983,-0][-0.7149,-0.6993,-0][0.1881,0.1442,0][0.337,0.41128,-0][-0.3633,-0.9317,-0][0.1885,0.156,0][0.37715,0.41113,-0.28545][-0.5755,-0.725,0.3784][0.1591,0.1561,0][0.43115,0.34983,-0][-0.7149,-0.6993,-0][0.1881,0.1442,0][0.37715,0.41113,-0.28545][-0.5755,-0.725,0.3784][0.1591,0.1561,0][0.4482,0.34983,-0.1516][-0.7804,-0.6228,0.0552][0.1715,0.1447,0][0.71355,0.33358,-0.32185][0.6919,0.4482,-0.5661][0.5883,0.9493,0][0.74035,0.32538,-0.0951][0.8617,0.5059,-0.0396][0.5341,0.9493,0][0.74545,0.11293,-0.0951][0.998,0.0079,-0.0629][0.5341,0.8924,0][0.71355,0.33358,-0.32185][0.6919,0.4482,-0.5661][0.5883,0.9493,0][0.74545,0.11293,-0.0951][0.998,0.0079,-0.0629][0.5341,0.8924,0][0.71745,0.11293,-0.32185][0.7417,0.0079,-0.6706][0.5883,0.8895,0][0.4443,0.56943,-0.12575][0.5584,0.8258,-0.0787][0.1514,0.4988,0][0.5962,0.40478,-0.1102][0.5854,0.8069,-0.0791][0.1513,0.4611,0][0.48035,0.41608,-0.3731][0.6941,0.4102,-0.5915][0.1987,0.4815,0][0.4443,0.56943,-0.12575][0.5584,0.8258,-0.0787][0.1514,0.4988,0][0.48035,0.41608,-0.3731][0.6941,0.4102,-0.5915][0.1987,0.4815,0][0.46415,0.54368,-0.27515][0.7966,0.5836,-0.1577][0.1765,0.4959,0][0.10475,0.65533,-0.157][0.0942,0.9895,-0.1099][0.1565,0.557,0][0.29555,0.61673,-0.1417][0.2509,0.9648,-0.0783][0.1538,0.5249,0][0.332,0.57033,-0.3608][0.3294,0.8552,-0.4001][0.1911,0.5177,0][0.10475,0.65533,-0.157][0.0942,0.9895,-0.1099][0.1565,0.557,0][0.332,0.57033,-0.3608][0.3294,0.8552,-0.4001][0.1911,0.5177,0][0.13945,0.58763,-0.42505][0.1418,0.8901,-0.4332][0.2026,0.5498,0][-0.23775,0.65533,-0.1663][-0.1182,0.985,-0.1261][0.1586,0.6132,0][-0.05915,0.65533,-0.162][0.0079,0.993,-0.1182][0.1578,0.5839,0][-0.05915,0.58763,-0.45315][-0,0.8929,-0.4503][0.2082,0.5831,0][-0.23775,0.65533,-0.1663][-0.1182,0.985,-0.1261][0.1586,0.6132,0][-0.05915,0.58763,-0.45315][-0,0.8929,-0.4503][0.2082,0.5831,0][-0.23775,0.58763,-0.431][-0.11,0.8874,-0.4477][0.2044,0.6132,0][-0.5465,0.51448,-0.32415][-0.5348,0.7709,-0.3461][0.1879,0.668,0][-0.46135,0.58868,-0.141][-0.3874,0.917,-0.0948][0.1553,0.6517,0][-0.3545,0.62803,-0.1567][-0.2909,0.9513,-0.1022][0.1573,0.6328,0][-0.5465,0.51448,-0.32415][-0.5348,0.7709,-0.3461][0.1879,0.668,0][-0.3545,0.62803,-0.1567][-0.2909,0.9513,-0.1022][0.1573,0.6328,0][-0.4011,0.57538,-0.3995][-0.3303,0.8651,-0.3774][0.1987,0.6406,0][0.29555,0.61673,-0.1417][0.2509,0.9648,-0.0783][0.1538,0.5249,0][0.4443,0.56943,-0.12575][0.5584,0.8258,-0.0787][0.1514,0.4988,0][0.46415,0.54368,-0.27515][0.7966,0.5836,-0.1577][0.1765,0.4959,0][0.29555,0.61673,-0.1417][0.2509,0.9648,-0.0783][0.1538,0.5249,0][0.46415,0.54368,-0.27515][0.7966,0.5836,-0.1577][0.1765,0.4959,0][0.332,0.57033,-0.3608][0.3294,0.8552,-0.4001][0.1911,0.5177,0][0.36175,0.42588,-0.5157][0.5668,0.3621,-0.74][0.6772,0.9833,0][0.48035,0.41608,-0.3731][0.6941,0.4101,-0.5916][0.6261,0.9833,0][0.4972,0.11348,-0.3731][0.4969,0.0079,-0.8677][0.6261,0.8866,0][0.36175,0.42588,-0.5157][0.5668,0.3621,-0.74][0.6772,0.9833,0][0.4972,0.11348,-0.3731][0.4969,0.0079,-0.8677][0.6261,0.8866,0][0.36175,0.11348,-0.5157][0.6149,0.0158,-0.7884][0.6772,0.8828,0][0.337,0.41128,-0][-0.3633,-0.9317,-0][0.1885,0.156,0][0.2499,0.42933,-0][-0.1104,-0.9939,-0][0.1889,0.165,0][0.27925,0.42933,-0.3486][-0.3544,-0.7876,0.5041][0.153,0.1655,0][0.337,0.41128,-0][-0.3633,-0.9317,-0][0.1885,0.156,0][0.27925,0.42933,-0.3486][-0.3544,-0.7876,0.5041][0.153,0.1655,0][0.37715,0.41113,-0.28545][-0.5755,-0.725,0.3784][0.1591,0.1561,0][-0.5465,0.51448,-0.32415][-0.5348,0.7709,-0.3461][0.1879,0.668,0][-0.5888,0.42143,-0.39405][-0.6222,0.4647,-0.63][0.2043,0.6812,0][-0.6639,0.42143,-0.2794][-0.6693,0.6692,-0.3228][0.1828,0.6944,0][-0.5465,0.51448,-0.32415][-0.5348,0.7709,-0.3461][0.1879,0.668,0][-0.6639,0.42143,-0.2794][-0.6693,0.6692,-0.3228][0.1828,0.6944,0][-0.63005,0.48188,-0.25965][-0.6566,0.6882,-0.3085][0.1773,0.6837,0][-0.8213,0.04128,-0.2401][-0.9955,-0,-0.0949][0.8053,0.587,0][-0.818,0.30948,-0.2624][-0.8786,0.4628,-0.1177][0.8047,0.641903,0][-0.8057,0.30563,-0.3685][-0.6845,0.3934,-0.6137][0.7863,0.63929,0][-0.8213,0.04128,-0.2401][-0.9955,-0,-0.0949][0.8053,0.587,0][-0.8057,0.30563,-0.3685][-0.6845,0.3934,-0.6137][0.7863,0.63929,0][-0.80495,0.03913,-0.3696][-0.7031,-0,-0.711][0.7799,0.5868,0][-0.45935,0.38968,-0][0.425,-0.9052,-0][0.1915,0.2354,0][-0.54525,0.34133,-0][0.7266,-0.6871,-0][0.1919,0.2453,0][-0.53675,0.34133,-0.10465][0.7411,-0.6465,0.1813][0.1805,0.2444,0][-0.45935,0.38968,-0][0.425,-0.9052,-0][0.1915,0.2354,0][-0.53675,0.34133,-0.10465][0.7411,-0.6465,0.1813][0.1805,0.2444,0][-0.44415,0.38968,-0.2492][0.6073,-0.7256,0.3234][0.1654,0.2334,0][-0.3545,0.62803,-0.1567][-0.2909,0.9513,-0.1022][0.1573,0.6328,0][-0.23775,0.65533,-0.1663][-0.1182,0.985,-0.1261][0.1586,0.6132,0][-0.23775,0.58763,-0.431][-0.11,0.8874,-0.4477][0.2044,0.6132,0][-0.3545,0.62803,-0.1567][-0.2909,0.9513,-0.1022][0.1573,0.6328,0][-0.23775,0.58763,-0.431][-0.11,0.8874,-0.4477][0.2044,0.6132,0][-0.4011,0.57538,-0.3995][-0.3303,0.8651,-0.3774][0.1987,0.6406,0][-0.4391,0.42588,-0.57365][-0.4804,0.3859,-0.7876][0.9182,0.9833,0][-0.23775,0.42588,-0.62295][-0.2047,0.4251,-0.8817][0.864,0.9833,0][-0.23775,0.19903,-0.62295][-0.3147,0.5193,-0.7946][0.8606,0.8915,0][-0.4391,0.42588,-0.57365][-0.4804,0.3859,-0.7876][0.9182,0.9833,0][-0.23775,0.19903,-0.62295][-0.3147,0.5193,-0.7946][0.8606,0.8915,0][-0.4391,0.11348,-0.57365][-0.7675,0.261,-0.5855][0.9182,0.8662,0][-0.2371,0.44103,-0][0.0471,-0.9989,-0][0.1907,0.2131,0][-0.3514,0.43068,-0][0.2203,-0.9754,-0][0.1911,0.2242,0][-0.34495,0.41673,-0.33525][0.4417,-0.7809,0.4417][0.1563,0.2234,0][-0.2371,0.44103,-0][0.0471,-0.9989,-0][0.1907,0.2131,0][-0.34495,0.41673,-0.33525][0.4417,-0.7809,0.4417][0.1563,0.2234,0][-0.2243,0.43983,-0.40295][0.2357,-0.8013,0.5499][0.1492,0.2121,0][-0.05915,0.65533,-0.162][0.0079,0.993,-0.1182][0.1578,0.5839,0][0.10475,0.65533,-0.157][0.0942,0.9895,-0.1099][0.1565,0.557,0][0.13945,0.58763,-0.42505][0.1418,0.8901,-0.4332][0.2026,0.5498,0][-0.05915,0.65533,-0.162][0.0079,0.993,-0.1182][0.1578,0.5839,0][0.13945,0.58763,-0.42505][0.1418,0.8901,-0.4332][0.2026,0.5498,0][-0.05915,0.58763,-0.45315][-0,0.8929,-0.4503][0.2082,0.5831,0][-0.05915,0.42588,-0.66675][-0.0237,0.4184,-0.9079][0.8154,0.9833,0][0.16775,0.42588,-0.6198][0.3062,0.4004,-0.8637][0.747,0.9833,0][0.16775,0.11348,-0.6198][0.6054,0.2752,-0.7469][0.747,0.8779,0][-0.05915,0.42588,-0.66675][-0.0237,0.4184,-0.9079][0.8154,0.9833,0][0.16775,0.11348,-0.6198][0.6054,0.2752,-0.7469][0.747,0.8779,0][-0.05915,0.19903,-0.66675][0.1023,0.5981,-0.7948][0.8108,0.8952,0][0.12125,0.43318,-0][-0.0236,-0.9997,-0][0.1893,0.1778,0][-0.0401,0.43523,-0][-0.0157,-0.9999,-0][0.1899,0.1936,0][-0.01125,0.43663,-0.43085][-0.0472,-0.7944,0.6056][0.1451,0.192,0][0.12125,0.43318,-0][-0.0236,-0.9997,-0][0.1893,0.1778,0][-0.01125,0.43663,-0.43085][-0.0472,-0.7944,0.6056][0.1451,0.192,0][0.1544,0.43348,-0.40725][-0.1891,-0.7721,0.6067][0.1475,0.1768,0][-0.5888,0.42143,-0.39405][-0.6222,0.4647,-0.63][0.2043,0.6812,0][-0.5465,0.51448,-0.32415][-0.5348,0.7709,-0.3461][0.1879,0.668,0][-0.4011,0.57538,-0.3995][-0.3303,0.8651,-0.3774][0.1987,0.6406,0][-0.5888,0.42143,-0.39405][-0.6222,0.4647,-0.63][0.2043,0.6812,0][-0.4011,0.57538,-0.3995][-0.3303,0.8651,-0.3774][0.1987,0.6406,0][-0.4391,0.42588,-0.57365][-0.4804,0.3859,-0.7876][0.2356,0.6528,0][-0.23775,0.58763,-0.431][-0.11,0.8874,-0.4477][0.2044,0.6132,0][-0.23775,0.42588,-0.62295][-0.2047,0.4251,-0.8817][0.2467,0.6161,0][-0.4391,0.42588,-0.57365][-0.4804,0.3859,-0.7876][0.2356,0.6528,0][-0.23775,0.58763,-0.431][-0.11,0.8874,-0.4477][0.2044,0.6132,0][-0.4391,0.42588,-0.57365][-0.4804,0.3859,-0.7876][0.2356,0.6528,0][-0.4011,0.57538,-0.3995][-0.3303,0.8651,-0.3774][0.1987,0.6406,0][-0.05915,0.58763,-0.45315][-0,0.8929,-0.4503][0.2082,0.5831,0][-0.05915,0.42588,-0.66675][-0.0237,0.4185,-0.9079][0.2534,0.5823,0][-0.23775,0.42588,-0.62295][-0.2047,0.4251,-0.8817][0.2467,0.6161,0][-0.05915,0.58763,-0.45315][-0,0.8929,-0.4503][0.2082,0.5831,0][-0.23775,0.42588,-0.62295][-0.2047,0.4251,-0.8817][0.2467,0.6161,0][-0.23775,0.58763,-0.431][-0.11,0.8874,-0.4477][0.2044,0.6132,0][0.13945,0.58763,-0.42505][0.1418,0.8901,-0.4332][0.2026,0.5498,0][0.16775,0.42588,-0.6198][0.3062,0.4005,-0.8636][0.2446,0.5406,0][-0.05915,0.42588,-0.66675][-0.0237,0.4185,-0.9079][0.2534,0.5823,0][0.13945,0.58763,-0.42505][0.1418,0.8901,-0.4332][0.2026,0.5498,0][-0.05915,0.42588,-0.66675][-0.0237,0.4185,-0.9079][0.2534,0.5823,0][-0.05915,0.58763,-0.45315][-0,0.8929,-0.4503][0.2082,0.5831,0][0.332,0.57033,-0.3608][0.3294,0.8552,-0.4001][0.1911,0.5177,0][0.36175,0.42588,-0.5157][0.5668,0.3622,-0.74][0.2248,0.505,0][0.16775,0.42588,-0.6198][0.3062,0.4005,-0.8636][0.2446,0.5406,0][0.332,0.57033,-0.3608][0.3294,0.8552,-0.4001][0.1911,0.5177,0][0.16775,0.42588,-0.6198][0.3062,0.4005,-0.8636][0.2446,0.5406,0][0.13945,0.58763,-0.42505][0.1418,0.8901,-0.4332][0.2026,0.5498,0][0.46415,0.54368,-0.27515][0.7966,0.5836,-0.1577][0.1765,0.4959,0][0.48035,0.41608,-0.3731][0.6941,0.4102,-0.5915][0.1987,0.4815,0][0.36175,0.42588,-0.5157][0.5668,0.3622,-0.74][0.2248,0.505,0][0.46415,0.54368,-0.27515][0.7966,0.5836,-0.1577][0.1765,0.4959,0][0.36175,0.42588,-0.5157][0.5668,0.3622,-0.74][0.2248,0.505,0][0.332,0.57033,-0.3608][0.3294,0.8552,-0.4001][0.1911,0.5177,0][-0.5465,0.51448,-0.32415][-0.5348,0.7709,-0.3461][0.1879,0.668,0][-0.63005,0.48188,-0.25965][-0.6566,0.6882,-0.3085][0.1773,0.6837,0][-0.62405,0.51388,-0.1092][-0.5906,0.8031,-0.0788][0.1508,0.682,0][-0.5465,0.51448,-0.32415][-0.5348,0.7709,-0.3461][0.1879,0.668,0][-0.62405,0.51388,-0.1092][-0.5906,0.8031,-0.0788][0.1508,0.682,0][-0.46135,0.58868,-0.141][-0.3874,0.917,-0.0948][0.1553,0.6517,0][-0.82763,0.04353,-0.15115][-0.9992,0.0079,-0.0393][0.8298,0.5871,0][-0.824585,0.31438,-0.1605][-0.8989,0.4336,-0.0631][0.8296,0.641061,0][-0.818,0.30948,-0.2624][-0.8786,0.4628,-0.1177][0.8047,0.641903,0][-0.82763,0.04353,-0.15115][-0.9992,0.0079,-0.0393][0.8298,0.5871,0][-0.818,0.30948,-0.2624][-0.8786,0.4628,-0.1177][0.8047,0.641903,0][-0.8213,0.04128,-0.2401][-0.9955,-0,-0.0949][0.8053,0.587,0][-0.70595,0.42143,-0.11225][-0.7005,0.7084,-0.0866][0.1528,0.7027,0][-0.70635,0.42588,-0][-0.7111,0.7031,-0][0.1318,0.7031,0][-0.62865,0.51413,-0][-0.5975,0.8019,-0][0.1317,0.6832,0][-0.70595,0.42143,-0.11225][-0.7005,0.7084,-0.0866][0.1528,0.7027,0][-0.62865,0.51413,-0][-0.5975,0.8019,-0][0.1317,0.6832,0][-0.62405,0.51388,-0.1092][-0.5906,0.8031,-0.0788][0.1508,0.682,0][-0.63005,0.48188,-0.25965][-0.6566,0.6882,-0.3085][0.1773,0.6837,0][-0.6639,0.42143,-0.2794][-0.6693,0.6692,-0.3228][0.1828,0.6944,0][-0.70595,0.42143,-0.11225][-0.7005,0.7084,-0.0866][0.1528,0.7027,0][-0.63005,0.48188,-0.25965][-0.6566,0.6882,-0.3085][0.1773,0.6837,0][-0.70595,0.42143,-0.11225][-0.7005,0.7084,-0.0866][0.1528,0.7027,0][-0.62405,0.51388,-0.1092][-0.5906,0.8031,-0.0788][0.1508,0.682,0][-0.42805,0.11348,-0.4569][0.5339,-0.1885,0.8243][0.1309,0.2477,0][-0.34495,0.41673,-0.33525][0.4417,-0.7809,0.4417][0.1563,0.2234,0][-0.44415,0.38968,-0.2492][0.6073,-0.7256,0.3234][0.1654,0.2334,0][-0.42805,0.11348,-0.4569][0.5339,-0.1885,0.8243][0.1309,0.2477,0][-0.44415,0.38968,-0.2492][0.6073,-0.7256,0.3234][0.1654,0.2334,0][-0.5415,0.10963,-0.32285][0.8205,-0.1973,0.5365][0.1498,0.261,0][0.3676,0.11348,-0.41515][-0.5339,-0.1492,0.8323][0.1282,0.1414,0][0.27925,0.42933,-0.3486][-0.3544,-0.7876,0.5041][0.153,0.1655,0][0.1544,0.43348,-0.40725][-0.1891,-0.7721,0.6067][0.1475,0.1768,0][0.3676,0.11348,-0.41515][-0.5339,-0.1492,0.8323][0.1282,0.1414,0][0.1544,0.43348,-0.40725][-0.1891,-0.7721,0.6067][0.1475,0.1768,0][0.1724,0.11348,-0.49075][-0.2757,-0.126,0.953][0.1152,0.1657,0][-0.05165,0.19903,-0.52815][-0.0395,-0.1975,0.9795][0.1186,0.1965,0][-0.01125,0.43663,-0.43085][-0.0472,-0.7944,0.6056][0.1451,0.192,0][-0.2243,0.43983,-0.40295][0.2357,-0.8013,0.5499][0.1492,0.2121,0][-0.05165,0.19903,-0.52815][-0.0395,-0.1975,0.9795][0.1186,0.1965,0][-0.2243,0.43983,-0.40295][0.2357,-0.8013,0.5499][0.1492,0.2121,0][-0.2368,0.19903,-0.49955][0.2509,-0.2274,0.9409][0.1245,0.2212,0][0.5748,0.11348,-0][-0.9678,-0.2518,-0][0.187,0.1152,0][0.43115,0.34983,-0][-0.7149,-0.6993,-0][0.1881,0.1442,0][0.4482,0.34983,-0.1516][-0.7804,-0.6228,0.0552][0.1715,0.1447,0][0.5748,0.11348,-0][-0.9678,-0.2518,-0][0.187,0.1152,0][0.4482,0.34983,-0.1516][-0.7804,-0.6228,0.0552][0.1715,0.1447,0][0.5663,0.11348,-0.1516][-0.9442,-0.2125,0.2518][0.1666,0.1175,0][0.5663,0.11348,-0.1516][-0.9442,-0.2125,0.2518][0.1666,0.1175,0][0.4482,0.34983,-0.1516][-0.7804,-0.6228,0.0552][0.1715,0.1447,0][0.37715,0.41113,-0.28545][-0.5755,-0.725,0.3784][0.1591,0.1561,0][0.5663,0.11348,-0.1516][-0.9442,-0.2125,0.2518][0.1666,0.1175,0][0.37715,0.41113,-0.28545][-0.5755,-0.725,0.3784][0.1591,0.1561,0][0.48425,0.11348,-0.30765][-0.7822,-0.166,0.6005][0.145,0.1269,0][0.48425,0.11348,-0.30765][-0.7822,-0.166,0.6005][0.145,0.1269,0][0.37715,0.41113,-0.28545][-0.5755,-0.725,0.3784][0.1591,0.1561,0][0.27925,0.42933,-0.3486][-0.3544,-0.7876,0.5041][0.153,0.1655,0][0.48425,0.11348,-0.30765][-0.7822,-0.166,0.6005][0.145,0.1269,0][0.27925,0.42933,-0.3486][-0.3544,-0.7876,0.5041][0.153,0.1655,0][0.3676,0.11348,-0.41515][-0.5339,-0.1492,0.8323][0.1282,0.1414,0][-0.5415,0.10963,-0.32285][0.8205,-0.1973,0.5365][0.1498,0.261,0][-0.44415,0.38968,-0.2492][0.6073,-0.7256,0.3234][0.1654,0.2334,0][-0.53675,0.34133,-0.10465][0.7411,-0.6465,0.1813][0.1805,0.2444,0][-0.5415,0.10963,-0.32285][0.8205,-0.1973,0.5365][0.1498,0.261,0][-0.53675,0.34133,-0.10465][0.7411,-0.6465,0.1813][0.1805,0.2444,0][-0.65695,0.10968,-0.09535][0.9407,-0.2196,0.2587][0.1789,0.2717,0][-0.65695,0.10968,-0.09535][0.9407,-0.2196,0.2587][0.1789,0.2717,0][-0.53675,0.34133,-0.10465][0.7411,-0.6465,0.1813][0.1805,0.2444,0][-0.54525,0.34133,-0][0.7266,-0.6871,-0][0.1919,0.2453,0][-0.65695,0.10968,-0.09535][0.9407,-0.2196,0.2587][0.1789,0.2717,0][-0.54525,0.34133,-0][0.7266,-0.6871,-0][0.1919,0.2453,0][-0.6645,0.10968,0][0.9719,-0.2352,-0][0.1929,0.2724,0][-0.2368,0.19903,-0.49955][0.2509,-0.2274,0.9409][0.1245,0.2212,0][-0.2243,0.43983,-0.40295][0.2357,-0.8013,0.5499][0.1492,0.2121,0][-0.34495,0.41673,-0.33525][0.4417,-0.7809,0.4417][0.1563,0.2234,0][-0.2368,0.19903,-0.49955][0.2509,-0.2274,0.9409][0.1245,0.2212,0][-0.34495,0.41673,-0.33525][0.4417,-0.7809,0.4417][0.1563,0.2234,0][-0.42805,0.11348,-0.4569][0.5339,-0.1885,0.8243][0.1309,0.2477,0][0.1724,0.11348,-0.49075][-0.2757,-0.126,0.953][0.1152,0.1657,0][0.1544,0.43348,-0.40725][-0.1891,-0.7721,0.6067][0.1475,0.1768,0][-0.01125,0.43663,-0.43085][-0.0472,-0.7944,0.6056][0.1451,0.192,0][0.1724,0.11348,-0.49075][-0.2757,-0.126,0.953][0.1152,0.1657,0][-0.01125,0.43663,-0.43085][-0.0472,-0.7944,0.6056][0.1451,0.192,0][-0.05165,0.19903,-0.52815][-0.0395,-0.1975,0.9795][0.1186,0.1965,0][-0.62405,0.51388,-0.1092][-0.5906,0.8031,-0.0788][0.1508,0.682,0][-0.62865,0.51413,-0][-0.5975,0.8019,-0][0.1317,0.6832,0][-0.46135,0.58868,-0][-0.3796,0.9252,-0][0.1314,0.6524,0][-0.62405,0.51388,-0.1092][-0.5906,0.8031,-0.0788][0.1508,0.682,0][-0.46135,0.58868,-0][-0.3796,0.9252,-0][0.1314,0.6524,0][-0.46135,0.58868,-0.141][-0.3874,0.917,-0.0948][0.1553,0.6517,0][-0.46135,0.58868,-0.141][-0.3874,0.917,-0.0948][0.1553,0.6517,0][-0.46135,0.58868,-0][-0.3796,0.9252,-0][0.1314,0.6524,0][-0.3545,0.62803,-0][-0.283,0.9591,-0][0.1312,0.6335,0][-0.46135,0.58868,-0.141][-0.3874,0.917,-0.0948][0.1553,0.6517,0][-0.3545,0.62803,-0][-0.283,0.9591,-0][0.1312,0.6335,0][-0.3545,0.62803,-0.1567][-0.2909,0.9513,-0.1022][0.1573,0.6328,0][-0.23775,0.65533,-0][-0.1182,0.993,-0][0.1311,0.6137,0][-0.23775,0.65533,-0.1663][-0.1182,0.985,-0.1261][0.1586,0.6132,0][-0.3545,0.62803,-0.1567][-0.2909,0.9513,-0.1022][0.1573,0.6328,0][-0.23775,0.65533,-0][-0.1182,0.993,-0][0.1311,0.6137,0][-0.3545,0.62803,-0.1567][-0.2909,0.9513,-0.1022][0.1573,0.6328,0][-0.3545,0.62803,-0][-0.283,0.9591,-0][0.1312,0.6335,0][-0.23775,0.65533,-0.1663][-0.1182,0.985,-0.1261][0.1586,0.6132,0][-0.23775,0.65533,-0][-0.1182,0.993,-0][0.1311,0.6137,0][-0.05915,0.65533,-0][-0,1,-0][0.1308,0.5841,0][-0.23775,0.65533,-0.1663][-0.1182,0.985,-0.1261][0.1586,0.6132,0][-0.05915,0.65533,-0][-0,1,-0][0.1308,0.5841,0][-0.05915,0.65533,-0.162][0.0079,0.993,-0.1182][0.1578,0.5839,0][-0.05915,0.65533,-0.162][0.0079,0.993,-0.1182][0.1578,0.5839,0][-0.05915,0.65533,-0][-0,1,-0][0.1308,0.5841,0][0.10475,0.65533,-0][0.1026,0.9947,-0][0.1306,0.5571,0][-0.05915,0.65533,-0.162][0.0079,0.993,-0.1182][0.1578,0.5839,0][0.10475,0.65533,-0][0.1026,0.9947,-0][0.1306,0.5571,0][0.10475,0.65533,-0.157][0.0942,0.9895,-0.1099][0.1565,0.557,0][0.10475,0.65533,-0.157][0.0942,0.9895,-0.1099][0.1565,0.557,0][0.10475,0.65533,-0][0.1026,0.9947,-0][0.1306,0.5571,0][0.29555,0.61673,-0][0.2517,0.9678,-0][0.1303,0.5246,0][0.10475,0.65533,-0.157][0.0942,0.9895,-0.1099][0.1565,0.557,0][0.29555,0.61673,-0][0.2517,0.9678,-0][0.1303,0.5246,0][0.29555,0.61673,-0.1417][0.2509,0.9648,-0.0783][0.1538,0.5249,0][0.29555,0.61673,-0.1417][0.2509,0.9648,-0.0783][0.1538,0.5249,0][0.29555,0.61673,-0][0.2517,0.9678,-0][0.1303,0.5246,0][0.4443,0.56943,-0][0.5365,0.8439,-0][0.1301,0.4984,0][0.29555,0.61673,-0.1417][0.2509,0.9648,-0.0783][0.1538,0.5249,0][0.4443,0.56943,-0][0.5365,0.8439,-0][0.1301,0.4984,0][0.4443,0.56943,-0.12575][0.5584,0.8258,-0.0787][0.1514,0.4988,0][0.4443,0.56943,-0.12575][0.5584,0.8258,-0.0787][0.1514,0.4988,0][0.4443,0.56943,-0][0.5365,0.8439,-0][0.1301,0.4984,0][0.5962,0.40478,-0][0.6151,0.7885,-0][0.1297,0.4604,0][0.4443,0.56943,-0.12575][0.5584,0.8258,-0.0787][0.1514,0.4988,0][0.5962,0.40478,-0][0.6151,0.7885,-0][0.1297,0.4604,0][0.5962,0.40478,-0.1102][0.5854,0.8069,-0.0791][0.1513,0.4611,0][0.74035,0.32538,-0.0951][0.8617,0.5059,-0.0396][0.5341,0.9493,0][0.74035,0.32538,-0][0.8554,0.518,-0][0.5104,0.9493,0][0.74545,0.11293,-0][0.9999,0.0157,-0][0.5108,0.8928,0][0.74035,0.32538,-0.0951][0.8617,0.5059,-0.0396][0.5341,0.9493,0][0.74545,0.11293,-0][0.9999,0.0157,-0][0.5108,0.8928,0][0.74545,0.11293,-0.0951][0.998,0.0079,-0.0629][0.5341,0.8924,0][-0.6645,-0.69812,0][0.6871,-0.7265,-0][0.8015,0.264,0][-0.73825,-0.69817,0][-0,-1,-0][0.8017,0.272,0][-0.73825,-0.69817,-0.10405][-0.0001,-1,-0][0.7904,0.2723,0][-0.6645,-0.69812,0][0.6871,-0.7265,-0][0.8015,0.264,0][-0.73825,-0.69817,-0.10405][-0.0001,-1,-0][0.7904,0.2723,0][-0.65695,-0.69812,-0.09535][0.6296,-0.7555,0.181][0.7911,0.2636,0][0.56635,-0.69432,-0.1516][-0.631,-0.7413,0.2287][0.7802,0.1313,0][0.61835,-0.69432,-0.1102][-0,-1,-0][0.7844,0.1255,0][0.5966,-0.69432,0][-0.6541,-0.7564,-0][0.7965,0.1273,0][0.48425,-0.69432,-0.30765][-0.5278,-0.7483,0.4018][0.7636,0.1408,0][0.4972,-0.69432,-0.3731][-0,-1,-0][0.7566,0.1396,0][0.61835,-0.69432,-0.1102][-0,-1,-0][0.7844,0.1255,0][0.48425,-0.69432,-0.30765][-0.5278,-0.7483,0.4018][0.7636,0.1408,0][0.61835,-0.69432,-0.1102][-0,-1,-0][0.7844,0.1255,0][0.56635,-0.69432,-0.1516][-0.631,-0.7413,0.2287][0.7802,0.1313,0][0.3676,-0.69432,-0.41515][-0.3479,-0.751,0.5613][0.7525,0.1538,0][0.36175,-0.69432,-0.5157][-0,-1,-0][0.7417,0.1549,0][0.4972,-0.69432,-0.3731][-0,-1,-0][0.7566,0.1396,0][0.3676,-0.69432,-0.41515][-0.3479,-0.751,0.5613][0.7525,0.1538,0][0.4972,-0.69432,-0.3731][-0,-1,-0][0.7566,0.1396,0][0.48425,-0.69432,-0.30765][-0.5278,-0.7483,0.4018][0.7636,0.1408,0][0.1724,-0.69432,-0.49075][-0.1805,-0.7299,0.6593][0.745,0.1752,0][0.16775,-0.69432,-0.6198][-0,-1,-0][0.7312,0.1762,0][0.36175,-0.69432,-0.5157][-0,-1,-0][0.7417,0.1549,0][0.1724,-0.69432,-0.49075][-0.1805,-0.7299,0.6593][0.745,0.1752,0][0.36175,-0.69432,-0.5157][-0,-1,-0][0.7417,0.1549,0][0.3676,-0.69432,-0.41515][-0.3479,-0.751,0.5613][0.7525,0.1538,0][-0.05165,-0.69432,-0.52815][-0.0079,-0.7452,0.6668][0.7419,0.1996,0][-0.05915,-0.69432,-0.66675][-0,-1,-0][0.7271,0.2009,0][0.16775,-0.69432,-0.6198][-0,-1,-0][0.7312,0.1762,0][-0.05165,-0.69432,-0.52815][-0.0079,-0.7452,0.6668][0.7419,0.1996,0][0.16775,-0.69432,-0.6198][-0,-1,-0][0.7312,0.1762,0][0.1724,-0.69432,-0.49075][-0.1805,-0.7299,0.6593][0.745,0.1752,0][-0.65695,-0.69812,-0.09535][0.6296,-0.7555,0.181][0.7911,0.2636,0][-0.73825,-0.69817,-0.10405][-0.0001,-1,-0][0.7904,0.2723,0][-0.69595,-0.69817,-0.24905][0.0001,-1,0.0001][0.7745,0.2683,0][-0.65695,-0.69812,-0.09535][0.6296,-0.7555,0.181][0.7911,0.2636,0][-0.69595,-0.69817,-0.24905][0.0001,-1,0.0001][0.7745,0.2683,0][-0.5415,-0.69817,-0.32285][0.5685,-0.7343,0.3711][0.766,0.252,0][-0.5415,-0.69817,-0.32285][0.5685,-0.7343,0.3711][0.766,0.252,0][-0.5888,-0.69817,-0.39405][0.0079,-0.9999,-0.0079][0.7585,0.2573,0][-0.4391,-0.69432,-0.57365][0.0079,-1,-0][0.7386,0.2417,0][-0.5415,-0.69817,-0.32285][0.5685,-0.7343,0.3711][0.766,0.252,0][-0.4391,-0.69432,-0.57365][0.0079,-1,-0][0.7386,0.2417,0][-0.42805,-0.69432,-0.4569][0.3385,-0.7793,0.5274][0.7511,0.2401,0][-0.5415,-0.69817,-0.32285][0.5685,-0.7343,0.3711][0.766,0.252,0][-0.69595,-0.69817,-0.24905][0.0001,-1,0.0001][0.7745,0.2683,0][-0.5888,-0.69817,-0.39405][0.0079,-0.9999,-0.0079][0.7585,0.2573,0][-0.42805,-0.69432,-0.4569][0.3385,-0.7793,0.5274][0.7511,0.2401,0][-0.4391,-0.69432,-0.57365][0.0079,-1,-0][0.7386,0.2417,0][-0.23775,-0.69432,-0.62295][-0,-1,-0][0.7324,0.2201,0][-0.42805,-0.69432,-0.4569][0.3385,-0.7793,0.5274][0.7511,0.2401,0][-0.23775,-0.69432,-0.62295][-0,-1,-0][0.7324,0.2201,0][-0.2368,-0.69432,-0.49955][0.1261,-0.717,0.6856][0.7457,0.2196,0][-0.2368,-0.69432,-0.49955][0.1261,-0.717,0.6856][0.7457,0.2196,0][-0.23775,-0.69432,-0.62295][-0,-1,-0][0.7324,0.2201,0][-0.05915,-0.69432,-0.66675][-0,-1,-0][0.7271,0.2009,0][-0.2368,-0.69432,-0.49955][0.1261,-0.717,0.6856][0.7457,0.2196,0][-0.05915,-0.69432,-0.66675][-0,-1,-0][0.7271,0.2009,0][-0.05165,-0.69432,-0.52815][-0.0079,-0.7452,0.6668][0.7419,0.1996,0][-0.6645,0.10968,0][0.972,-0.2351,-0][0.2717,0.3293,0][-0.6645,-0.69812,0][0.6871,-0.7266,0.0001][0.2713,0.2373,0][-0.65695,-0.69812,-0.09535][0.6296,-0.7555,0.181][0.2822,0.2373,0][-0.6645,0.10968,0][0.972,-0.2351,-0][0.2717,0.3293,0][-0.65695,-0.69812,-0.09535][0.6296,-0.7555,0.181][0.2822,0.2373,0][-0.65695,0.10968,-0.09535][0.9407,-0.2194,0.2587][0.2826,0.3293,0][-0.82763,0.04353,-0.15115][-0.9992,0.0079,-0.0393][0.8298,0.5871,0][-0.82768,-0.22312,-0.15215][-0.9989,-0,-0.0472][0.8297,0.5348,0][-0.82878,-0.22312,0][-1,0.0001,-0][0.8587,0.5347,0][-0.82763,0.04353,-0.15115][-0.9992,0.0079,-0.0393][0.8298,0.5871,0][-0.82878,-0.22312,0][-1,0.0001,-0][0.8587,0.5347,0][-0.82868,0.04403,0][-1,0.0079,-0][0.8588,0.5871,0][0.5663,0.11348,-0.1516][-0.9442,-0.2124,0.2518][0.4621,0.3304,0][0.56635,-0.69432,-0.1516][-0.6309,-0.7414,0.2287][0.4626,0.2384,0][0.5966,-0.69432,0][-0.654,-0.7565,-0][0.4799,0.2385,0][0.5663,0.11348,-0.1516][-0.9442,-0.2124,0.2518][0.4621,0.3304,0][0.5966,-0.69432,0][-0.654,-0.7565,-0][0.4799,0.2385,0][0.5748,0.11348,-0][-0.9678,-0.2517,-0][0.4793,0.3306,0][0.74545,0.11293,-0][0.9999,0.0157,-0][0.5108,0.8928,0][0.74545,-0.11077,-0][0.8782,-0.4783,-0][0.5113,0.8335,0][0.74545,-0.11077,-0.0951][0.8737,-0.4801,-0.0787][0.5316,0.8335,0][0.74545,0.11293,-0][0.9999,0.0157,-0][0.5108,0.8928,0][0.74545,-0.11077,-0.0951][0.8737,-0.4801,-0.0787][0.5316,0.8335,0][0.74545,0.11293,-0.0951][0.998,0.0079,-0.0629][0.5341,0.8924,0][0.48425,0.11348,-0.30765][-0.7822,-0.1659,0.6005][0.4421,0.3302,0][0.48425,-0.69432,-0.30765][-0.5278,-0.7484,0.4018][0.4427,0.2382,0][0.56635,-0.69432,-0.1516][-0.6309,-0.7414,0.2287][0.4626,0.2384,0][0.48425,0.11348,-0.30765][-0.7822,-0.1659,0.6005][0.4421,0.3302,0][0.56635,-0.69432,-0.1516][-0.6309,-0.7414,0.2287][0.4626,0.2384,0][0.5663,0.11348,-0.1516][-0.9442,-0.2124,0.2518][0.4621,0.3304,0][0.74545,0.11293,-0.0951][0.998,0.0079,-0.0629][0.5341,0.8924,0][0.74545,-0.11077,-0.0951][0.8737,-0.4801,-0.0787][0.5316,0.8335,0][0.71745,-0.11077,-0.32185][0.6925,-0.4564,-0.5587][0.5883,0.8335,0][0.74545,0.11293,-0.0951][0.998,0.0079,-0.0629][0.5341,0.8924,0][0.71745,-0.11077,-0.32185][0.6925,-0.4564,-0.5587][0.5883,0.8335,0][0.71745,0.11293,-0.32185][0.7417,0.0079,-0.6706][0.5883,0.8895,0][0.3676,0.11348,-0.41515][-0.5339,-0.1492,0.8323][0.4242,0.33,0][0.3676,-0.69432,-0.41515][-0.3478,-0.751,0.5612][0.4247,0.238,0][0.48425,-0.69432,-0.30765][-0.5278,-0.7484,0.4018][0.4427,0.2382,0][0.3676,0.11348,-0.41515][-0.5339,-0.1492,0.8323][0.4242,0.33,0][0.48425,-0.69432,-0.30765][-0.5278,-0.7484,0.4018][0.4427,0.2382,0][0.48425,0.11348,-0.30765][-0.7822,-0.1659,0.6005][0.4421,0.3302,0][0.4972,0.11348,-0.3731][0.4969,0.0079,-0.8677][0.6261,0.8866,0][0.4972,-0.19327,-0.3731][0.7232,-0.1415,-0.676][0.6261,0.7948,0][0.36175,-0.19327,-0.5157][0.6539,-0.0157,-0.7564][0.6772,0.8011,0][0.4972,0.11348,-0.3731][0.4969,0.0079,-0.8677][0.6261,0.8866,0][0.36175,-0.19327,-0.5157][0.6539,-0.0157,-0.7564][0.6772,0.8011,0][0.36175,0.11348,-0.5157][0.6149,0.0158,-0.7884][0.6772,0.8828,0][0.1724,0.11348,-0.49075][-0.2756,-0.126,0.953][0.4005,0.3298,0][0.1724,-0.69432,-0.49075][-0.1805,-0.7299,0.6592][0.4009,0.2378,0][0.3676,-0.69432,-0.41515][-0.3478,-0.751,0.5612][0.4247,0.238,0][0.1724,0.11348,-0.49075][-0.2756,-0.126,0.953][0.4005,0.3298,0][0.3676,-0.69432,-0.41515][-0.3478,-0.751,0.5612][0.4247,0.238,0][0.3676,0.11348,-0.41515][-0.5339,-0.1492,0.8323][0.4242,0.33,0][0.36175,0.11348,-0.5157][0.6149,0.0158,-0.7884][0.6772,0.8828,0][0.36175,-0.19327,-0.5157][0.6539,-0.0157,-0.7564][0.6772,0.8011,0][0.22585,-0.19327,-0.6198][0.8495,-0.0236,-0.5271][0.7256,0.7984,0][0.36175,0.11348,-0.5157][0.6149,0.0158,-0.7884][0.6772,0.8828,0][0.22585,-0.19327,-0.6198][0.8495,-0.0236,-0.5271][0.7256,0.7984,0][0.16775,0.11348,-0.6198][0.6054,0.2752,-0.7469][0.747,0.8779,0][-0.05165,0.19903,-0.52815][-0.0395,-0.1974,0.9795][0.3748,0.3394,0][-0.05165,-0.69432,-0.52815][-0.0079,-0.7452,0.6667][0.3751,0.2376,0][0.1724,-0.69432,-0.49075][-0.1805,-0.7299,0.6592][0.4009,0.2378,0][-0.05165,0.19903,-0.52815][-0.0395,-0.1974,0.9795][0.3748,0.3394,0][0.1724,-0.69432,-0.49075][-0.1805,-0.7299,0.6592][0.4009,0.2378,0][0.1724,0.11348,-0.49075][-0.2756,-0.126,0.953][0.4005,0.3298,0][0.1524,0.06743,-0.7956][0.6453,0.4328,-0.6295][0.3213,0.5094,0][0.20755,-0.19142,-0.7956][0.7637,0.0078,-0.6455][0.38,0.4911,0][-0.06665,-0.19142,-0.8423][-0.0315,0.0079,-0.9995][0.3847,0.5562,0][0.1524,0.06743,-0.7956][0.6453,0.4328,-0.6295][0.3213,0.5094,0][-0.06665,-0.19142,-0.8423][-0.0315,0.0079,-0.9995][0.3847,0.5562,0][-0.06665,0.15298,-0.8423][0.0785,0.6044,-0.7928][0.3035,0.5602,0][-0.65695,0.10968,-0.09535][0.9407,-0.2194,0.2587][0.2826,0.3293,0][-0.65695,-0.69812,-0.09535][0.6296,-0.7555,0.181][0.2822,0.2373,0][-0.5415,-0.69817,-0.32285][0.5684,-0.7343,0.371][0.3113,0.2372,0][-0.65695,0.10968,-0.09535][0.9407,-0.2194,0.2587][0.2826,0.3293,0][-0.5415,-0.69817,-0.32285][0.5684,-0.7343,0.371][0.3113,0.2372,0][-0.5415,0.10963,-0.32285][0.8205,-0.1972,0.5365][0.3115,0.3292,0][-0.8213,0.04128,-0.2401][-0.9955,-0,-0.0949][0.8053,0.587,0][-0.82045,-0.22312,-0.24195][-0.9947,-0.0079,-0.1026][0.8053,0.5346,0][-0.82768,-0.22312,-0.15215][-0.9989,-0,-0.0472][0.8297,0.5348,0][-0.8213,0.04128,-0.2401][-0.9955,-0,-0.0949][0.8053,0.587,0][-0.82768,-0.22312,-0.15215][-0.9989,-0,-0.0472][0.8297,0.5348,0][-0.82763,0.04353,-0.15115][-0.9992,0.0079,-0.0393][0.8298,0.5871,0][-0.5415,0.10963,-0.32285][0.8205,-0.1972,0.5365][0.3115,0.3292,0][-0.5415,-0.69817,-0.32285][0.5684,-0.7343,0.371][0.3113,0.2372,0][-0.42805,-0.69432,-0.4569][0.3384,-0.7793,0.5274][0.3314,0.2376,0][-0.5415,0.10963,-0.32285][0.8205,-0.1972,0.5365][0.3115,0.3292,0][-0.42805,-0.69432,-0.4569][0.3384,-0.7793,0.5274][0.3314,0.2376,0][-0.42805,0.11348,-0.4569][0.5338,-0.1884,0.8243][0.3314,0.3296,0][-0.4391,0.11348,-0.57365][-0.7675,0.261,-0.5855][0.9182,0.8662,0][-0.49715,-0.19327,-0.57365][-0.9515,0.0236,-0.3067][0.9248,0.7846,0][-0.5888,-0.19712,-0.39405][-0.5508,0.0315,-0.834][0.9796,0.7846,0][-0.4391,0.11348,-0.57365][-0.7675,0.261,-0.5855][0.9182,0.8662,0][-0.5888,-0.19712,-0.39405][-0.5508,0.0315,-0.834][0.9796,0.7846,0][-0.5888,0.10963,-0.39405][-0.4723,-0,-0.8815][0.9796,0.8641,0][-0.80495,0.03913,-0.3696][-0.7031,-0,-0.711][0.7799,0.5868,0][-0.80415,-0.22312,-0.37075][-0.6992,-0,-0.7149][0.7802,0.5348,0][-0.82045,-0.22312,-0.24195][-0.9947,-0.0079,-0.1026][0.8053,0.5346,0][-0.80495,0.03913,-0.3696][-0.7031,-0,-0.711][0.7799,0.5868,0][-0.82045,-0.22312,-0.24195][-0.9947,-0.0079,-0.1026][0.8053,0.5346,0][-0.8213,0.04128,-0.2401][-0.9955,-0,-0.0949][0.8053,0.587,0][-0.42805,0.11348,-0.4569][0.5338,-0.1884,0.8243][0.3314,0.3296,0][-0.42805,-0.69432,-0.4569][0.3384,-0.7793,0.5274][0.3314,0.2376,0][-0.2368,-0.69432,-0.49955][0.1261,-0.7171,0.6855][0.3537,0.2376,0][-0.42805,0.11348,-0.4569][0.5338,-0.1884,0.8243][0.3314,0.3296,0][-0.2368,-0.69432,-0.49955][0.1261,-0.7171,0.6855][0.3537,0.2376,0][-0.2368,0.19903,-0.49955][0.2509,-0.2273,0.9409][0.3536,0.3393,0][-0.24155,0.15298,-0.79835][-0.2993,0.63,-0.7166][0.3031,0.5985,0][-0.24155,-0.19142,-0.79835][-0.2278,-0.0078,-0.9737][0.3867,0.5963,0][-0.4811,-0.19142,-0.74905][-0.7777,-0.0157,-0.6284][0.3874,0.653,0][-0.24155,0.15298,-0.79835][-0.2993,0.63,-0.7166][0.3031,0.5985,0][-0.4811,-0.19142,-0.74905][-0.7777,-0.0157,-0.6284][0.3874,0.653,0][-0.4256,0.06743,-0.74905][-0.6789,0.4342,-0.5921][0.3263,0.6405,0][-0.2368,0.19903,-0.49955][0.2509,-0.2273,0.9409][0.3536,0.3393,0][-0.2368,-0.69432,-0.49955][0.1261,-0.7171,0.6855][0.3537,0.2376,0][-0.05165,-0.69432,-0.52815][-0.0079,-0.7452,0.6667][0.3751,0.2376,0][-0.2368,0.19903,-0.49955][0.2509,-0.2273,0.9409][0.3536,0.3393,0][-0.05165,-0.69432,-0.52815][-0.0079,-0.7452,0.6667][0.3751,0.2376,0][-0.05165,0.19903,-0.52815][-0.0395,-0.1974,0.9795][0.3748,0.3394,0][-0.06665,0.15298,-0.8423][0.0785,0.6044,-0.7928][0.3035,0.5602,0][-0.06665,-0.19142,-0.8423][-0.0315,0.0079,-0.9995][0.3847,0.5562,0][-0.24155,-0.19142,-0.79835][-0.2278,-0.0078,-0.9737][0.3867,0.5963,0][-0.06665,0.15298,-0.8423][0.0785,0.6044,-0.7928][0.3035,0.5602,0][-0.24155,-0.19142,-0.79835][-0.2278,-0.0078,-0.9737][0.3867,0.5963,0][-0.24155,0.15298,-0.79835][-0.2993,0.63,-0.7166][0.3031,0.5985,0][-0.80335,-0.52357,-0.3023][-0.7479,0.5511,-0.37][0.0845,0.2835,0][-0.80335,-0.69817,-0.3023][-0.6649,-0.6728,-0.3245][0.0543,0.3152,0][-0.85755,-0.69817,-0.1211][-0.726,-0.6787,-0.1105][0.0267,0.2873,0][-0.80335,-0.52357,-0.3023][-0.7479,0.5511,-0.37][0.0845,0.2835,0][-0.85755,-0.69817,-0.1211][-0.726,-0.6787,-0.1105][0.0267,0.2873,0][-0.85755,-0.52357,-0.1211][-0.8254,0.5503,-0.1258][0.0587,0.2572,0][-0.6845,-0.52357,-0.4692][-0.6766,0.59,-0.4406][0.1158,0.3092,0][-0.6845,-0.69817,-0.4692][-0.5806,-0.7219,-0.3766][0.0855,0.3431,0][-0.80335,-0.69817,-0.3023][-0.6649,-0.6728,-0.3245][0.0543,0.3152,0][-0.6845,-0.52357,-0.4692][-0.6766,0.59,-0.4406][0.1158,0.3092,0][-0.80335,-0.69817,-0.3023][-0.6649,-0.6728,-0.3245][0.0543,0.3152,0][-0.80335,-0.52357,-0.3023][-0.7479,0.5511,-0.37][0.0845,0.2835,0][-0.50035,-0.51972,-0.7959][-0.5059,0.5692,-0.6481][0.1681,0.3601,0][-0.50035,-0.69432,-0.7959][-0.4815,-0.6315,-0.6078][0.1444,0.3951,0][-0.6845,-0.69817,-0.4692][-0.5806,-0.7219,-0.3766][0.0855,0.3431,0][-0.50035,-0.51972,-0.7959][-0.5059,0.5692,-0.6481][0.1681,0.3601,0][-0.6845,-0.69817,-0.4692][-0.5806,-0.7219,-0.3766][0.0855,0.3431,0][-0.6845,-0.52357,-0.4692][-0.6766,0.59,-0.4406][0.1158,0.3092,0][-0.26675,-0.51972,-0.8654][-0.1897,0.6324,-0.751][0.2095,0.3767,0][-0.26675,-0.69432,-0.8654][-0.1808,-0.6994,-0.6915][0.1922,0.4184,0][-0.50035,-0.69432,-0.7959][-0.4815,-0.6315,-0.6078][0.1444,0.3951,0][-0.26675,-0.51972,-0.8654][-0.1897,0.6324,-0.751][0.2095,0.3767,0][-0.50035,-0.69432,-0.7959][-0.4815,-0.6315,-0.6078][0.1444,0.3951,0][-0.50035,-0.51972,-0.7959][-0.5059,0.5692,-0.6481][0.1681,0.3601,0][-0.0613,-0.51972,-0.90965][-0.0079,0.6062,-0.7953][0.2456,0.3905,0][-0.0613,-0.69432,-0.90965][-0.0079,-0.6624,-0.7491][0.2351,0.4331,0][-0.26675,-0.69432,-0.8654][-0.1808,-0.6994,-0.6915][0.1922,0.4184,0][-0.0613,-0.51972,-0.90965][-0.0079,0.6062,-0.7953][0.2456,0.3905,0][-0.26675,-0.69432,-0.8654][-0.1808,-0.6994,-0.6915][0.1922,0.4184,0][-0.26675,-0.51972,-0.8654][-0.1897,0.6324,-0.751][0.2095,0.3767,0][0.2089,-0.51972,-0.8572][0.3872,0.5769,-0.7192][0.2955,0.399,0][0.2089,-0.69432,-0.8572][0.3698,-0.6451,-0.6687][0.2939,0.4418,0][-0.0613,-0.69432,-0.90965][-0.0079,-0.6624,-0.7491][0.2351,0.4331,0][0.2089,-0.51972,-0.8572][0.3872,0.5769,-0.7192][0.2955,0.399,0][-0.0613,-0.69432,-0.90965][-0.0079,-0.6624,-0.7491][0.2351,0.4331,0][-0.0613,-0.51972,-0.90965][-0.0079,0.6062,-0.7953][0.2456,0.3905,0][0.43465,-0.51972,-0.61125][0.5981,0.5745,-0.5588][0.3597,0.3899,0][0.43465,-0.69432,-0.61125][0.5131,-0.7105,-0.4815][0.3622,0.4352,0][0.2089,-0.69432,-0.8572][0.3698,-0.6451,-0.6687][0.2939,0.4418,0][0.43465,-0.51972,-0.61125][0.5981,0.5745,-0.5588][0.3597,0.3899,0][0.2089,-0.69432,-0.8572][0.3698,-0.6451,-0.6687][0.2939,0.4418,0][0.2089,-0.51972,-0.8572][0.3872,0.5769,-0.7192][0.2955,0.399,0][0.59665,-0.51972,-0.4405][0.696,0.5457,-0.4666][0.4065,0.3893,0][0.59665,-0.69432,-0.4405][0.6164,-0.6718,-0.4109][0.4076,0.4333,0][0.43465,-0.69432,-0.61125][0.5131,-0.7105,-0.4815][0.3622,0.4352,0][0.59665,-0.51972,-0.4405][0.696,0.5457,-0.4666][0.4065,0.3893,0][0.43465,-0.69432,-0.61125][0.5131,-0.7105,-0.4815][0.3622,0.4352,0][0.43465,-0.51972,-0.61125][0.5981,0.5745,-0.5588][0.3597,0.3899,0][0.73455,-0.51972,-0.1357][0.8183,0.5429,-0.1889][0.4726,0.3878,0][0.73455,-0.69432,-0.1357][0.7234,-0.6684,-0.173][0.4734,0.4318,0][0.59665,-0.69432,-0.4405][0.6164,-0.6718,-0.4109][0.4076,0.4333,0][0.73455,-0.51972,-0.1357][0.8183,0.5429,-0.1889][0.4726,0.3878,0][0.59665,-0.69432,-0.4405][0.6164,-0.6718,-0.4109][0.4076,0.4333,0][0.59665,-0.51972,-0.4405][0.696,0.5457,-0.4666][0.4065,0.3893,0][0.74015,-0.51972,0][0.8221,0.5693,-0][0.4988,0.3867,0][0.74015,-0.69432,0][0.7149,-0.6992,-0][0.4987,0.4313,0][0.73455,-0.69432,-0.1357][0.7234,-0.6684,-0.173][0.4734,0.4318,0][0.74015,-0.51972,0][0.8221,0.5693,-0][0.4988,0.3867,0][0.73455,-0.69432,-0.1357][0.7234,-0.6684,-0.173][0.4734,0.4318,0][0.73455,-0.51972,-0.1357][0.8183,0.5429,-0.1889][0.4726,0.3878,0][-0.85755,-0.52357,-0.1211][-0.8254,0.5503,-0.1258][0.0587,0.2572,0][-0.85755,-0.69817,-0.1211][-0.726,-0.6787,-0.1105][0.0267,0.2873,0][-0.86,-0.69817,0][-0.711,-0.7032,-0][0.0102,0.2686,0][-0.85755,-0.52357,-0.1211][-0.8254,0.5503,-0.1258][0.0587,0.2572,0][-0.86,-0.69817,0][-0.711,-0.7032,-0][0.0102,0.2686,0][-0.86,-0.52357,0][-0.8185,0.5745,-0][0.0438,0.2386,0][-0.69595,-0.47997,-0.24905][-0.8986,-0.134,-0.4178][0.1002,0.2657,0][-0.80335,-0.52357,-0.3023][-0.7479,0.5511,-0.37][0.0845,0.2835,0][-0.85755,-0.52357,-0.1211][-0.8254,0.5503,-0.1258][0.0587,0.2572,0][-0.69595,-0.47997,-0.24905][-0.8986,-0.134,-0.4178][0.1002,0.2657,0][-0.85755,-0.52357,-0.1211][-0.8254,0.5503,-0.1258][0.0587,0.2572,0][-0.73825,-0.47997,-0.10405][-0.9876,-0.1027,-0.1186][0.0775,0.2421,0][-0.73825,-0.69817,-0.10405][-0.0001,-1,-0][0.7904,0.2723,0][-0.85755,-0.69817,-0.1211][-0.7261,-0.6787,-0.1105][0.789,0.2852,0][-0.80335,-0.69817,-0.3023][-0.6649,-0.6727,-0.3245][0.7692,0.28,0][-0.73825,-0.69817,-0.10405][-0.0001,-1,-0][0.7904,0.2723,0][-0.80335,-0.69817,-0.3023][-0.6649,-0.6727,-0.3245][0.7692,0.28,0][-0.69595,-0.69817,-0.24905][0.0001,-1,0.0001][0.7745,0.2683,0][-0.5888,-0.47997,-0.39405][-0.5427,0.464,-0.7001][0.131,0.2882,0][-0.6845,-0.52357,-0.4692][-0.6766,0.59,-0.4406][0.1158,0.3092,0][-0.80335,-0.52357,-0.3023][-0.7479,0.5511,-0.37][0.0845,0.2835,0][-0.5888,-0.47997,-0.39405][-0.5427,0.464,-0.7001][0.131,0.2882,0][-0.80335,-0.52357,-0.3023][-0.7479,0.5511,-0.37][0.0845,0.2835,0][-0.69595,-0.47997,-0.24905][-0.8986,-0.134,-0.4178][0.1002,0.2657,0][-0.69595,-0.69817,-0.24905][0.0001,-1,0.0001][0.7745,0.2683,0][-0.80335,-0.69817,-0.3023][-0.6649,-0.6727,-0.3245][0.7692,0.28,0][-0.6845,-0.69817,-0.4692][-0.5806,-0.7218,-0.3766][0.7507,0.2678,0][-0.69595,-0.69817,-0.24905][0.0001,-1,0.0001][0.7745,0.2683,0][-0.6845,-0.69817,-0.4692][-0.5806,-0.7218,-0.3766][0.7507,0.2678,0][-0.5888,-0.69817,-0.39405][0.0079,-0.9999,-0.0079][0.7585,0.2573,0][-0.4391,-0.47612,-0.57365][-0.7458,0.4632,-0.4789][0.174,0.3157,0][-0.50035,-0.51972,-0.7959][-0.5059,0.5692,-0.6481][0.1681,0.3601,0][-0.6845,-0.52357,-0.4692][-0.6766,0.59,-0.4406][0.1158,0.3092,0][-0.4391,-0.47612,-0.57365][-0.7458,0.4632,-0.4789][0.174,0.3157,0][-0.6845,-0.52357,-0.4692][-0.6766,0.59,-0.4406][0.1158,0.3092,0][-0.5888,-0.47997,-0.39405][-0.5427,0.464,-0.7001][0.131,0.2882,0][-0.5888,-0.69817,-0.39405][0.0079,-0.9999,-0.0079][0.7585,0.2573,0][-0.6845,-0.69817,-0.4692][-0.5806,-0.7218,-0.3766][0.7507,0.2678,0][-0.50035,-0.69432,-0.7959][-0.4816,-0.6314,-0.6078][0.715,0.249,0][-0.5888,-0.69817,-0.39405][0.0079,-0.9999,-0.0079][0.7585,0.2573,0][-0.50035,-0.69432,-0.7959][-0.4816,-0.6314,-0.6078][0.715,0.249,0][-0.4391,-0.69432,-0.57365][0.0079,-1,-0][0.7386,0.2417,0][-0.23775,-0.47612,-0.62295][-0.2442,0.0394,-0.9689][0.2206,0.3275,0][-0.26675,-0.51972,-0.8654][-0.1897,0.6324,-0.751][0.2095,0.3767,0][-0.50035,-0.51972,-0.7959][-0.5059,0.5692,-0.6481][0.1681,0.3601,0][-0.23775,-0.47612,-0.62295][-0.2442,0.0394,-0.9689][0.2206,0.3275,0][-0.50035,-0.51972,-0.7959][-0.5059,0.5692,-0.6481][0.1681,0.3601,0][-0.4391,-0.47612,-0.57365][-0.7458,0.4632,-0.4789][0.174,0.3157,0][-0.4391,-0.69432,-0.57365][0.0079,-1,-0][0.7386,0.2417,0][-0.50035,-0.69432,-0.7959][-0.4816,-0.6314,-0.6078][0.715,0.249,0][-0.26675,-0.69432,-0.8654][-0.1807,-0.6994,-0.6916][0.7066,0.2241,0][-0.4391,-0.69432,-0.57365][0.0079,-1,-0][0.7386,0.2417,0][-0.26675,-0.69432,-0.8654][-0.1807,-0.6994,-0.6916][0.7066,0.2241,0][-0.23775,-0.69432,-0.62295][-0,-1,-0][0.7324,0.2201,0][-0.05915,-0.47612,-0.66675][-0.0158,0.0472,-0.9988][0.26,0.3438,0][-0.0613,-0.51972,-0.90965][-0.0079,0.6062,-0.7953][0.2456,0.3905,0][-0.26675,-0.51972,-0.8654][-0.1897,0.6324,-0.751][0.2095,0.3767,0][-0.05915,-0.47612,-0.66675][-0.0158,0.0472,-0.9988][0.26,0.3438,0][-0.26675,-0.51972,-0.8654][-0.1897,0.6324,-0.751][0.2095,0.3767,0][-0.23775,-0.47612,-0.62295][-0.2442,0.0394,-0.9689][0.2206,0.3275,0][-0.23775,-0.69432,-0.62295][-0,-1,-0][0.7324,0.2201,0][-0.26675,-0.69432,-0.8654][-0.1807,-0.6994,-0.6916][0.7066,0.2241,0][-0.0613,-0.69432,-0.90965][-0.0079,-0.6624,-0.7491][0.701,0.2021,0][-0.23775,-0.69432,-0.62295][-0,-1,-0][0.7324,0.2201,0][-0.0613,-0.69432,-0.90965][-0.0079,-0.6624,-0.7491][0.701,0.2021,0][-0.05915,-0.69432,-0.66675][-0,-1,-0][0.7271,0.2009,0][0.16775,-0.47612,-0.6198][0.6237,0.4815,-0.6158][0.3128,0.3549,0][0.2089,-0.51972,-0.8572][0.3872,0.5769,-0.7192][0.2955,0.399,0][-0.0613,-0.51972,-0.90965][-0.0079,0.6062,-0.7953][0.2456,0.3905,0][0.16775,-0.47612,-0.6198][0.6237,0.4815,-0.6158][0.3128,0.3549,0][-0.0613,-0.51972,-0.90965][-0.0079,0.6062,-0.7953][0.2456,0.3905,0][-0.05915,-0.47612,-0.66675][-0.0158,0.0472,-0.9988][0.26,0.3438,0][-0.05915,-0.69432,-0.66675][-0,-1,-0][0.7271,0.2009,0][-0.0613,-0.69432,-0.90965][-0.0079,-0.6624,-0.7491][0.701,0.2021,0][0.2089,-0.69432,-0.8572][0.3697,-0.6451,-0.6687][0.7056,0.1728,0][-0.05915,-0.69432,-0.66675][-0,-1,-0][0.7271,0.2009,0][0.2089,-0.69432,-0.8572][0.3697,-0.6451,-0.6687][0.7056,0.1728,0][0.16775,-0.69432,-0.6198][-0,-1,-0][0.7312,0.1762,0][0.36175,-0.47612,-0.5157][0.4984,0.617,-0.6091][0.3622,0.3645,0][0.43465,-0.51972,-0.61125][0.5981,0.5745,-0.5588][0.3597,0.3899,0][0.2089,-0.51972,-0.8572][0.3872,0.5769,-0.7192][0.2955,0.399,0][0.36175,-0.47612,-0.5157][0.4984,0.617,-0.6091][0.3622,0.3645,0][0.2089,-0.51972,-0.8572][0.3872,0.5769,-0.7192][0.2955,0.399,0][0.16775,-0.47612,-0.6198][0.6237,0.4815,-0.6158][0.3128,0.3549,0][0.16775,-0.69432,-0.6198][-0,-1,-0][0.7312,0.1762,0][0.2089,-0.69432,-0.8572][0.3697,-0.6451,-0.6687][0.7056,0.1728,0][0.43465,-0.69432,-0.61125][0.5131,-0.7105,-0.4816][0.7312,0.1474,0][0.16775,-0.69432,-0.6198][-0,-1,-0][0.7312,0.1762,0][0.43465,-0.69432,-0.61125][0.5131,-0.7105,-0.4816][0.7312,0.1474,0][0.36175,-0.69432,-0.5157][-0,-1,-0][0.7417,0.1549,0][0.4972,-0.47612,-0.3731][0.6593,0.6043,-0.4474][0.4066,0.3654,0][0.59665,-0.51972,-0.4405][0.696,0.5457,-0.4666][0.4065,0.3893,0][0.43465,-0.51972,-0.61125][0.5981,0.5745,-0.5588][0.3597,0.3899,0][0.4972,-0.47612,-0.3731][0.6593,0.6043,-0.4474][0.4066,0.3654,0][0.43465,-0.51972,-0.61125][0.5981,0.5745,-0.5588][0.3597,0.3899,0][0.36175,-0.47612,-0.5157][0.4984,0.617,-0.6091][0.3622,0.3645,0][0.36175,-0.69432,-0.5157][-0,-1,-0][0.7417,0.1549,0][0.43465,-0.69432,-0.61125][0.5131,-0.7105,-0.4816][0.7312,0.1474,0][0.59665,-0.69432,-0.4405][0.6164,-0.6717,-0.4109][0.749,0.1293,0][0.36175,-0.69432,-0.5157][-0,-1,-0][0.7417,0.1549,0][0.59665,-0.69432,-0.4405][0.6164,-0.6717,-0.4109][0.749,0.1293,0][0.4972,-0.69432,-0.3731][-0,-1,-0][0.7566,0.1396,0][0.61835,-0.47612,-0.1102][0.7717,0.6141,-0.1654][0.4711,0.3643,0][0.73455,-0.51972,-0.1357][0.8183,0.5429,-0.1889][0.4726,0.3878,0][0.59665,-0.51972,-0.4405][0.696,0.5457,-0.4666][0.4065,0.3893,0][0.61835,-0.47612,-0.1102][0.7717,0.6141,-0.1654][0.4711,0.3643,0][0.59665,-0.51972,-0.4405][0.696,0.5457,-0.4666][0.4065,0.3893,0][0.4972,-0.47612,-0.3731][0.6593,0.6043,-0.4474][0.4066,0.3654,0][0.4972,-0.69432,-0.3731][-0,-1,-0][0.7566,0.1396,0][0.59665,-0.69432,-0.4405][0.6164,-0.6717,-0.4109][0.749,0.1293,0][0.73455,-0.69432,-0.1357][0.7235,-0.6683,-0.173][0.7812,0.1131,0][0.4972,-0.69432,-0.3731][-0,-1,-0][0.7566,0.1396,0][0.73455,-0.69432,-0.1357][0.7235,-0.6683,-0.173][0.7812,0.1131,0][0.61835,-0.69432,-0.1102][-0,-1,-0][0.7844,0.1255,0][0.61835,-0.47612,0][0.8185,0.5745,-0][0.4989,0.3618,0][0.74015,-0.51972,0][0.8221,0.5693,-0][0.4988,0.3867,0][0.73455,-0.51972,-0.1357][0.8183,0.5429,-0.1889][0.4726,0.3878,0][0.61835,-0.47612,0][0.8185,0.5745,-0][0.4989,0.3618,0][0.73455,-0.51972,-0.1357][0.8183,0.5429,-0.1889][0.4726,0.3878,0][0.61835,-0.47612,-0.1102][0.7717,0.6141,-0.1654][0.4711,0.3643,0][0.61835,-0.69432,-0.1102][-0,-1,-0][0.7844,0.1255,0][0.73455,-0.69432,-0.1357][0.7235,-0.6683,-0.173][0.7812,0.1131,0][0.74015,-0.69432,0][0.7149,-0.6992,-0][0.796,0.112,0][0.61835,-0.69432,-0.1102][-0,-1,-0][0.7844,0.1255,0][0.74015,-0.69432,0][0.7149,-0.6992,-0][0.796,0.112,0][0.5966,-0.69432,0][-0.6541,-0.7564,-0][0.7965,0.1273,0][-0.73825,-0.47997,-0.10405][-0.9876,-0.1027,-0.1186][0.0775,0.2421,0][-0.85755,-0.52357,-0.1211][-0.8254,0.5503,-0.1258][0.0587,0.2572,0][-0.86,-0.52357,0][-0.8185,0.5745,-0][0.0438,0.2386,0][-0.73825,-0.47997,-0.10405][-0.9876,-0.1027,-0.1186][0.0775,0.2421,0][-0.86,-0.52357,0][-0.8185,0.5745,-0][0.0438,0.2386,0][-0.73825,-0.47997,0][-0.9963,-0.0863,-0][0.0649,0.2243,0][-0.73825,-0.69817,0][-0,-1,-0][0.8017,0.272,0][-0.86,-0.69817,0][-0.7111,-0.7031,-0][0.8022,0.285,0][-0.85755,-0.69817,-0.1211][-0.7261,-0.6787,-0.1105][0.789,0.2852,0][-0.73825,-0.69817,0][-0,-1,-0][0.8017,0.272,0][-0.85755,-0.69817,-0.1211][-0.7261,-0.6787,-0.1105][0.789,0.2852,0][-0.73825,-0.69817,-0.10405][-0.0001,-1,-0][0.7904,0.2723,0][0.16775,0.11348,-0.6198][0.6054,0.2751,-0.7469][0.2909,0.4804,0][0.1524,0.06743,-0.7956][0.6453,0.4328,-0.6295][0.3213,0.5094,0][-0.06665,0.15298,-0.8423][0.0785,0.6044,-0.7928][0.3035,0.5602,0][0.16775,0.11348,-0.6198][0.6054,0.2751,-0.7469][0.2909,0.4804,0][-0.06665,0.15298,-0.8423][0.0785,0.6044,-0.7928][0.3035,0.5602,0][-0.05915,0.19903,-0.66675][0.1023,0.5981,-0.7949][0.2634,0.5533,0][-0.05915,-0.47612,-0.66675][-0.0157,0.0472,-0.9988][0.4822,0.5443,0][-0.06665,-0.43007,-0.84235][-0.0236,-0.5744,-0.8182][0.4406,0.5527,0][0.1524,-0.43007,-0.7956][0.5505,-0.5662,-0.6135][0.4343,0.5027,0][-0.05915,-0.47612,-0.66675][-0.0157,0.0472,-0.9988][0.4822,0.5443,0][0.1524,-0.43007,-0.7956][0.5505,-0.5662,-0.6135][0.4343,0.5027,0][0.16775,-0.47612,-0.6198][0.6237,0.4816,-0.6157][0.463,0.4737,0][0.22585,-0.19327,-0.6198][0.8495,-0.0236,-0.527][0.3788,0.4503,0][0.20755,-0.19142,-0.7956][0.7637,0.0078,-0.6455][0.38,0.4911,0][0.1524,0.06743,-0.7956][0.6453,0.4328,-0.6295][0.3213,0.5094,0][0.22585,-0.19327,-0.6198][0.8495,-0.0236,-0.527][0.3788,0.4503,0][0.1524,0.06743,-0.7956][0.6453,0.4328,-0.6295][0.3213,0.5094,0][0.16775,0.11348,-0.6198][0.6054,0.2751,-0.7469][0.2909,0.4804,0][-0.23775,0.19903,-0.62295][-0.3147,0.5192,-0.7946][0.2633,0.6151,0][-0.24155,0.15298,-0.79835][-0.2993,0.63,-0.7166][0.3031,0.5985,0][-0.4256,0.06743,-0.74905][-0.6789,0.4342,-0.5921][0.3263,0.6405,0][-0.23775,0.19903,-0.62295][-0.3147,0.5192,-0.7946][0.2633,0.6151,0][-0.4256,0.06743,-0.74905][-0.6789,0.4342,-0.5921][0.3263,0.6405,0][-0.4391,0.11348,-0.57365][-0.7675,0.2611,-0.5855][0.3004,0.6744,0][-0.4391,0.11348,-0.57365][-0.7675,0.2611,-0.5855][0.3004,0.6744,0][-0.4256,0.06743,-0.74905][-0.6789,0.4342,-0.5921][0.3263,0.6405,0][-0.4811,-0.19142,-0.74905][-0.7777,-0.0157,-0.6284][0.3874,0.653,0][-0.4391,0.11348,-0.57365][-0.7675,0.2611,-0.5855][0.3004,0.6744,0][-0.4811,-0.19142,-0.74905][-0.7777,-0.0157,-0.6284][0.3874,0.653,0][-0.49715,-0.19327,-0.57365][-0.9515,0.0236,-0.3067][0.3898,0.6938,0][-0.4391,-0.47612,-0.57365][-0.7458,0.4632,-0.4788][0.4711,0.6659,0][-0.4256,-0.43007,-0.74905][-0.5612,-0.5611,-0.6085][0.4416,0.6368,0][-0.24155,-0.43007,-0.79835][-0.1967,-0.6058,-0.7709][0.445,0.5933,0][-0.4391,-0.47612,-0.57365][-0.7458,0.4632,-0.4788][0.4711,0.6659,0][-0.24155,-0.43007,-0.79835][-0.1967,-0.6058,-0.7709][0.445,0.5933,0][-0.23775,-0.47612,-0.62295][-0.2442,0.0394,-0.9689][0.4883,0.6036,0][-0.05915,0.19903,-0.66675][0.1023,0.5981,-0.7949][0.2634,0.5533,0][-0.06665,0.15298,-0.8423][0.0785,0.6044,-0.7928][0.3035,0.5602,0][-0.24155,0.15298,-0.79835][-0.2993,0.63,-0.7166][0.3031,0.5985,0][-0.05915,0.19903,-0.66675][0.1023,0.5981,-0.7949][0.2634,0.5533,0][-0.24155,0.15298,-0.79835][-0.2993,0.63,-0.7166][0.3031,0.5985,0][-0.23775,0.19903,-0.62295][-0.3147,0.5192,-0.7946][0.2633,0.6151,0][-0.23775,-0.47612,-0.62295][-0.2442,0.0394,-0.9689][0.4883,0.6036,0][-0.24155,-0.43007,-0.79835][-0.1967,-0.6058,-0.7709][0.445,0.5933,0][-0.06665,-0.43007,-0.84235][-0.0236,-0.5744,-0.8182][0.4406,0.5527,0][-0.23775,-0.47612,-0.62295][-0.2442,0.0394,-0.9689][0.4883,0.6036,0][-0.06665,-0.43007,-0.84235][-0.0236,-0.5744,-0.8182][0.4406,0.5527,0][-0.05915,-0.47612,-0.66675][-0.0157,0.0472,-0.9988][0.4822,0.5443,0][-0.24155,-0.19142,-0.79835][-0.2278,-0.0078,-0.9737][0.3867,0.5963,0][-0.24155,-0.43007,-0.79835][-0.1967,-0.6058,-0.7709][0.445,0.5933,0][-0.4256,-0.43007,-0.74905][-0.5612,-0.5611,-0.6085][0.4416,0.6368,0][-0.24155,-0.19142,-0.79835][-0.2278,-0.0078,-0.9737][0.3867,0.5963,0][-0.4256,-0.43007,-0.74905][-0.5612,-0.5611,-0.6085][0.4416,0.6368,0][-0.4811,-0.19142,-0.74905][-0.7777,-0.0157,-0.6284][0.3874,0.653,0][-0.06665,-0.19142,-0.8423][-0.0315,0.0079,-0.9995][0.3847,0.5562,0][-0.06665,-0.43007,-0.84235][-0.0236,-0.5744,-0.8182][0.4406,0.5527,0][-0.24155,-0.43007,-0.79835][-0.1967,-0.6058,-0.7709][0.445,0.5933,0][-0.06665,-0.19142,-0.8423][-0.0315,0.0079,-0.9995][0.3847,0.5562,0][-0.24155,-0.43007,-0.79835][-0.1967,-0.6058,-0.7709][0.445,0.5933,0][-0.24155,-0.19142,-0.79835][-0.2278,-0.0078,-0.9737][0.3867,0.5963,0][0.20755,-0.19142,-0.7956][0.7637,0.0078,-0.6455][0.38,0.4911,0][0.1524,-0.43007,-0.7956][0.5505,-0.5662,-0.6135][0.4343,0.5027,0][-0.06665,-0.43007,-0.84235][-0.0236,-0.5744,-0.8182][0.4406,0.5527,0][0.20755,-0.19142,-0.7956][0.7637,0.0078,-0.6455][0.38,0.4911,0][-0.06665,-0.43007,-0.84235][-0.0236,-0.5744,-0.8182][0.4406,0.5527,0][-0.06665,-0.19142,-0.8423][-0.0315,0.0079,-0.9995][0.3847,0.5562,0][0.16775,-0.47612,-0.6198][0.6237,0.4816,-0.6157][0.463,0.4737,0][0.1524,-0.43007,-0.7956][0.5505,-0.5662,-0.6135][0.4343,0.5027,0][0.20755,-0.19142,-0.7956][0.7637,0.0078,-0.6455][0.38,0.4911,0][0.16775,-0.47612,-0.6198][0.6237,0.4816,-0.6157][0.463,0.4737,0][0.20755,-0.19142,-0.7956][0.7637,0.0078,-0.6455][0.38,0.4911,0][0.22585,-0.19327,-0.6198][0.8495,-0.0236,-0.527][0.3788,0.4503,0][0.36175,-0.19327,-0.5157][0.6539,-0.0157,-0.7564][0.6772,0.8011,0][0.36175,-0.47612,-0.5157][0.4983,0.617,-0.6091][0.6772,0.7096,0][0.16775,-0.47612,-0.6198][0.6236,0.4816,-0.6158][0.7344,0.7096,0][0.36175,-0.19327,-0.5157][0.6539,-0.0157,-0.7564][0.6772,0.8011,0][0.16775,-0.47612,-0.6198][0.6236,0.4816,-0.6158][0.7344,0.7096,0][0.22585,-0.19327,-0.6198][0.8495,-0.0236,-0.5271][0.7256,0.7984,0][0.4972,-0.19327,-0.3731][0.7232,-0.1415,-0.676][0.6261,0.7948,0][0.4972,-0.47612,-0.3731][0.6592,0.6044,-0.4474][0.6261,0.7096,0][0.36175,-0.47612,-0.5157][0.4983,0.617,-0.6091][0.6772,0.7096,0][0.4972,-0.19327,-0.3731][0.7232,-0.1415,-0.676][0.6261,0.7948,0][0.36175,-0.47612,-0.5157][0.4983,0.617,-0.6091][0.6772,0.7096,0][0.36175,-0.19327,-0.5157][0.6539,-0.0157,-0.7564][0.6772,0.8011,0][0.61835,-0.19327,-0.1102][0.8489,-0.4874,-0.2044][0.5448,0.7948,0][0.61835,-0.47612,-0.1102][0.7716,0.6142,-0.1653][0.5468,0.7096,0][0.4972,-0.47612,-0.3731][0.6592,0.6044,-0.4474][0.6261,0.7096,0][0.61835,-0.19327,-0.1102][0.8489,-0.4874,-0.2044][0.5448,0.7948,0][0.4972,-0.47612,-0.3731][0.6592,0.6044,-0.4474][0.6261,0.7096,0][0.4972,-0.19327,-0.3731][0.7232,-0.1415,-0.676][0.6261,0.7948,0][0.61835,-0.19327,-0][0.8782,-0.4783,-0][0.5116,0.7948,0][0.61835,-0.47612,0][0.8185,0.5745,-0][0.5122,0.7096,0][0.61835,-0.47612,-0.1102][0.7716,0.6142,-0.1653][0.5468,0.7096,0][0.61835,-0.19327,-0][0.8782,-0.4783,-0][0.5116,0.7948,0][0.61835,-0.47612,-0.1102][0.7716,0.6142,-0.1653][0.5468,0.7096,0][0.61835,-0.19327,-0.1102][0.8489,-0.4874,-0.2044][0.5448,0.7948,0][-0.82768,-0.22312,-0.15215][-0.9989,-0,-0.0472][0.8297,0.5348,0][-0.82658,-0.46417,-0.1519][-0.7702,-0.6366,-0.0393][0.8311,0.492658,0][-0.82878,-0.46417,0][-0.7675,-0.641,-0][0.8586,0.49261,0][-0.82768,-0.22312,-0.15215][-0.9989,-0,-0.0472][0.8297,0.5348,0][-0.82878,-0.46417,0][-0.7675,-0.641,-0][0.8586,0.49261,0][-0.82878,-0.22312,0][-1,0.0001,-0][0.8587,0.5347,0][-0.82045,-0.22312,-0.24195][-0.9947,-0.0079,-0.1026][0.8053,0.5346,0][-0.8189,-0.46417,-0.2412][-0.7507,-0.6559,-0.079][0.808,0.49256,0][-0.82658,-0.46417,-0.1519][-0.7702,-0.6366,-0.0393][0.8311,0.492658,0][-0.82045,-0.22312,-0.24195][-0.9947,-0.0079,-0.1026][0.8053,0.5346,0][-0.82658,-0.46417,-0.1519][-0.7702,-0.6366,-0.0393][0.8311,0.492658,0][-0.82768,-0.22312,-0.15215][-0.9989,-0,-0.0472][0.8297,0.5348,0][-0.80415,-0.22312,-0.37075][-0.6992,-0,-0.7149][0.7802,0.5348,0][-0.80415,-0.46417,-0.37075][-0.598,-0.5508,-0.5823][0.7867,0.492699,0][-0.8189,-0.46417,-0.2412][-0.7507,-0.6559,-0.079][0.808,0.49256,0][-0.80415,-0.22312,-0.37075][-0.6992,-0,-0.7149][0.7802,0.5348,0][-0.8189,-0.46417,-0.2412][-0.7507,-0.6559,-0.079][0.808,0.49256,0][-0.82045,-0.22312,-0.24195][-0.9947,-0.0079,-0.1026][0.8053,0.5346,0][-0.49715,-0.19327,-0.57365][-0.9515,0.0236,-0.3067][0.9248,0.7846,0][-0.4391,-0.47612,-0.57365][-0.7457,0.4632,-0.4789][0.9188,0.7096,0][-0.5888,-0.47997,-0.39405][-0.5427,0.4641,-0.7][0.9796,0.7096,0][-0.49715,-0.19327,-0.57365][-0.9515,0.0236,-0.3067][0.9248,0.7846,0][-0.5888,-0.47997,-0.39405][-0.5427,0.4641,-0.7][0.9796,0.7096,0][-0.5888,-0.19712,-0.39405][-0.5508,0.0315,-0.834][0.9796,0.7846,0][-0.4811,-0.19142,-0.74905][-0.7777,-0.0157,-0.6284][0.3874,0.653,0][-0.4256,-0.43007,-0.74905][-0.5612,-0.5611,-0.6085][0.4416,0.6368,0][-0.4391,-0.47612,-0.57365][-0.7458,0.4632,-0.4788][0.4711,0.6659,0][-0.4811,-0.19142,-0.74905][-0.7777,-0.0157,-0.6284][0.3874,0.653,0][-0.4391,-0.47612,-0.57365][-0.7458,0.4632,-0.4788][0.4711,0.6659,0][-0.49715,-0.19327,-0.57365][-0.9515,0.0236,-0.3067][0.3898,0.6938,0][0.48035,0.41608,-0.3731][0.6941,0.4101,-0.5916][0.6261,0.9833,0][0.71355,0.33358,-0.32185][0.6919,0.4482,-0.5661][0.5883,0.9493,0][0.71745,0.11293,-0.32185][0.7417,0.0079,-0.6706][0.5883,0.8895,0][0.48035,0.41608,-0.3731][0.6941,0.4101,-0.5916][0.6261,0.9833,0][0.71745,0.11293,-0.32185][0.7417,0.0079,-0.6706][0.5883,0.8895,0][0.4972,0.11348,-0.3731][0.4969,0.0079,-0.8677][0.6261,0.8866,0][0.5962,0.40478,-0.1102][0.5853,0.8069,-0.0791][0.551,0.9833,0][0.74035,0.32538,-0.0951][0.8617,0.5059,-0.0396][0.5341,0.9493,0][0.71355,0.33358,-0.32185][0.6919,0.4482,-0.5661][0.5883,0.9493,0][0.5962,0.40478,-0.1102][0.5853,0.8069,-0.0791][0.551,0.9833,0][0.71355,0.33358,-0.32185][0.6919,0.4482,-0.5661][0.5883,0.9493,0][0.48035,0.41608,-0.3731][0.6941,0.4101,-0.5916][0.6261,0.9833,0][0.5962,0.40478,-0][0.615,0.7885,-0][0.51,0.9833,0][0.74035,0.32538,-0][0.8554,0.518,-0][0.5104,0.9493,0][0.74035,0.32538,-0.0951][0.8617,0.5059,-0.0396][0.5341,0.9493,0][0.5962,0.40478,-0][0.615,0.7885,-0][0.51,0.9833,0][0.74035,0.32538,-0.0951][0.8617,0.5059,-0.0396][0.5341,0.9493,0][0.5962,0.40478,-0.1102][0.5853,0.8069,-0.0791][0.551,0.9833,0][0.61835,-0.19327,-0.1102][0.8489,-0.4874,-0.2044][0.5448,0.7948,0][0.74545,-0.11077,-0.0951][0.8737,-0.4801,-0.0787][0.5316,0.8335,0][0.74545,-0.11077,-0][0.8782,-0.4783,-0][0.5113,0.8335,0][0.61835,-0.19327,-0.1102][0.8489,-0.4874,-0.2044][0.5448,0.7948,0][0.74545,-0.11077,-0][0.8782,-0.4783,-0][0.5113,0.8335,0][0.61835,-0.19327,-0][0.8782,-0.4783,-0][0.5116,0.7948,0][0.4972,0.11348,-0.3731][0.4969,0.0079,-0.8677][0.6261,0.8866,0][0.71745,0.11293,-0.32185][0.7417,0.0079,-0.6706][0.5883,0.8895,0][0.71745,-0.11077,-0.32185][0.6925,-0.4564,-0.5587][0.5883,0.8335,0][0.4972,0.11348,-0.3731][0.4969,0.0079,-0.8677][0.6261,0.8866,0][0.71745,-0.11077,-0.32185][0.6925,-0.4564,-0.5587][0.5883,0.8335,0][0.4972,-0.19327,-0.3731][0.7232,-0.1415,-0.676][0.6261,0.7948,0][0.4972,-0.19327,-0.3731][0.7232,-0.1415,-0.676][0.6261,0.7948,0][0.71745,-0.11077,-0.32185][0.6925,-0.4564,-0.5587][0.5883,0.8335,0][0.74545,-0.11077,-0.0951][0.8737,-0.4801,-0.0787][0.5316,0.8335,0][0.4972,-0.19327,-0.3731][0.7232,-0.1415,-0.676][0.6261,0.7948,0][0.74545,-0.11077,-0.0951][0.8737,-0.4801,-0.0787][0.5316,0.8335,0][0.61835,-0.19327,-0.1102][0.8489,-0.4874,-0.2044][0.5448,0.7948,0][-0.70595,0.42143,-0.11225][-0.7005,0.7084,-0.0866][0.8275,0.6846,0][-0.824585,0.31438,-0.1605][-0.8989,0.4336,-0.0631][0.8296,0.641061,0][-0.826435,0.31918,0][-0.9082,0.4185,-0][0.8588,0.641015,0][-0.70595,0.42143,-0.11225][-0.7005,0.7084,-0.0866][0.8275,0.6846,0][-0.826435,0.31918,0][-0.9082,0.4185,-0][0.8588,0.641015,0][-0.70635,0.42588,-0][-0.711,0.7032,-0][0.8589,0.6885,0][-0.5888,0.10963,-0.39405][-0.4722,-0,-0.8815][0.7378,0.6042,0][-0.80495,0.03913,-0.3696][-0.7031,-0,-0.711][0.7799,0.5868,0][-0.8057,0.30563,-0.3685][-0.6845,0.3934,-0.6137][0.7863,0.63929,0][-0.5888,0.10963,-0.39405][-0.4722,-0,-0.8815][0.7378,0.6042,0][-0.8057,0.30563,-0.3685][-0.6845,0.3934,-0.6137][0.7863,0.63929,0][-0.5888,0.42143,-0.39405][-0.6222,0.4647,-0.6301][0.7526,0.6715,0][-0.5888,0.42143,-0.39405][-0.6222,0.4647,-0.6301][0.7526,0.6715,0][-0.8057,0.30563,-0.3685][-0.6845,0.3934,-0.6137][0.7863,0.63929,0][-0.818,0.30948,-0.2624][-0.8786,0.4628,-0.1177][0.8047,0.641903,0][-0.5888,0.42143,-0.39405][-0.6222,0.4647,-0.6301][0.7526,0.6715,0][-0.818,0.30948,-0.2624][-0.8786,0.4628,-0.1177][0.8047,0.641903,0][-0.6639,0.42143,-0.2794][-0.6692,0.6693,-0.3228][0.786,0.6772,0][-0.6639,0.42143,-0.2794][-0.6692,0.6693,-0.3228][0.786,0.6772,0][-0.818,0.30948,-0.2624][-0.8786,0.4628,-0.1177][0.8047,0.641903,0][-0.824585,0.31438,-0.1605][-0.8989,0.4336,-0.0631][0.8296,0.641061,0][-0.6639,0.42143,-0.2794][-0.6692,0.6693,-0.3228][0.786,0.6772,0][-0.824585,0.31438,-0.1605][-0.8989,0.4336,-0.0631][0.8296,0.641061,0][-0.70595,0.42143,-0.11225][-0.7005,0.7084,-0.0866][0.8275,0.6846,0][-0.5888,-0.19712,-0.39405][-0.5508,0.0314,-0.8341][0.7366,0.5359,0][-0.80415,-0.22312,-0.37075][-0.6992,-0,-0.7149][0.7802,0.5348,0][-0.80495,0.03913,-0.3696][-0.7031,-0,-0.711][0.7799,0.5868,0][-0.5888,-0.19712,-0.39405][-0.5508,0.0314,-0.8341][0.7366,0.5359,0][-0.80495,0.03913,-0.3696][-0.7031,-0,-0.711][0.7799,0.5868,0][-0.5888,0.10963,-0.39405][-0.4722,-0,-0.8815][0.7378,0.6042,0][-0.73825,-0.47997,0][-0.9963,-0.0863,-0][0.8586,0.4506,0][-0.82878,-0.46417,0][-0.7675,-0.641,-0][0.8586,0.49261,0][-0.82658,-0.46417,-0.1519][-0.7702,-0.6366,-0.0393][0.8311,0.492658,0][-0.73825,-0.47997,0][-0.9963,-0.0863,-0][0.8586,0.4506,0][-0.82658,-0.46417,-0.1519][-0.7702,-0.6366,-0.0393][0.8311,0.492658,0][-0.73825,-0.47997,-0.10405][-0.9876,-0.1027,-0.1185][0.8292,0.4544,0][-0.73825,-0.47997,-0.10405][-0.9876,-0.1027,-0.1185][0.8292,0.4544,0][-0.82658,-0.46417,-0.1519][-0.7702,-0.6366,-0.0393][0.8311,0.492658,0][-0.8189,-0.46417,-0.2412][-0.7507,-0.6559,-0.079][0.808,0.49256,0][-0.73825,-0.47997,-0.10405][-0.9876,-0.1027,-0.1185][0.8292,0.4544,0][-0.8189,-0.46417,-0.2412][-0.7507,-0.6559,-0.079][0.808,0.49256,0][-0.69595,-0.47997,-0.24905][-0.8986,-0.134,-0.4178][0.7921,0.4626,0][-0.69595,-0.47997,-0.24905][-0.8986,-0.134,-0.4178][0.7921,0.4626,0][-0.8189,-0.46417,-0.2412][-0.7507,-0.6559,-0.079][0.808,0.49256,0][-0.80415,-0.46417,-0.37075][-0.598,-0.5508,-0.5823][0.7867,0.492699,0][-0.69595,-0.47997,-0.24905][-0.8986,-0.134,-0.4178][0.7921,0.4626,0][-0.80415,-0.46417,-0.37075][-0.598,-0.5508,-0.5823][0.7867,0.492699,0][-0.5888,-0.47997,-0.39405][-0.5427,0.4641,-0.7001][0.7507,0.4728,0][-0.5888,-0.47997,-0.39405][-0.5427,0.4641,-0.7001][0.7507,0.4728,0][-0.80415,-0.46417,-0.37075][-0.598,-0.5508,-0.5823][0.7867,0.492699,0][-0.80415,-0.22312,-0.37075][-0.6992,-0,-0.7149][0.7802,0.5348,0][-0.5888,-0.47997,-0.39405][-0.5427,0.4641,-0.7001][0.7507,0.4728,0][-0.80415,-0.22312,-0.37075][-0.6992,-0,-0.7149][0.7802,0.5348,0][-0.5888,-0.19712,-0.39405][-0.5508,0.0314,-0.8341][0.7366,0.5359,0]